,SteamPipelineOP.hp_steam_pressure
2020-08-17 00:00:00,3.0733333333333337
2020-08-17 00:01:00,3.0691666666666673
2020-08-17 00:02:00,3.0524999999999998
2020-08-17 00:03:00,3.0466666666666664
2020-08-17 00:04:00,3.0466666666666664
2020-08-17 00:05:00,3.0479999999999996
2020-08-17 00:06:00,3.0716666666666668
2020-08-17 00:07:00,3.084166666666667
2020-08-17 00:08:00,3.1136363636363638
2020-08-17 00:09:00,3.1345454545454543
2020-08-17 00:10:00,3.1508333333333334
2020-08-17 00:11:00,3.1660000000000004
2020-08-17 00:12:00,3.174166666666667
2020-08-17 00:13:00,3.1825000000000006
2020-08-17 00:14:00,3.1875
2020-08-17 00:15:00,3.1774999999999998
2020-08-17 00:16:00,3.1591666666666662
2020-08-17 00:17:00,3.158181818181818
2020-08-17 00:18:00,3.1599999999999997
2020-08-17 00:19:00,3.1558333333333337
2020-08-17 00:20:00,3.1400000000000006
2020-08-17 00:21:00,3.1381818181818186
2020-08-17 00:22:00,3.135
2020-08-17 00:23:00,3.1133333333333337
2020-08-17 00:24:00,3.125
2020-08-17 00:25:00,3.132727272727273
2020-08-17 00:26:00,3.125
2020-08-17 00:27:00,3.1245454545454545
2020-08-17 00:28:00,3.124166666666667
2020-08-17 00:29:00,3.122499999999999
2020-08-17 00:30:00,3.1163636363636367
2020-08-17 00:31:00,3.1216666666666666
2020-08-17 00:32:00,3.1154545454545457
2020-08-17 00:33:00,3.1166666666666667
2020-08-17 00:34:00,3.119166666666667
2020-08-17 00:35:00,3.115
2020-08-17 00:36:00,3.108333333333334
2020-08-17 00:37:00,3.1058333333333334
2020-08-17 00:38:00,3.105833333333333
2020-08-17 00:39:00,3.106666666666667
2020-08-17 00:40:00,3.109166666666667
2020-08-17 00:41:00,3.114166666666667
2020-08-17 00:42:00,3.114
2020-08-17 00:43:00,3.0954545454545452
2020-08-17 00:44:00,3.095
2020-08-17 00:45:00,3.0833333333333335
2020-08-17 00:46:00,3.0850000000000004
2020-08-17 00:47:00,3.070833333333333
2020-08-17 00:48:00,3.0774999999999992
2020-08-17 00:49:00,3.076666666666666
2020-08-17 00:50:00,3.0666666666666664
2020-08-17 00:51:00,3.061666666666667
2020-08-17 00:52:00,3.0483333333333333
2020-08-17 00:53:00,3.056363636363636
2020-08-17 00:54:00,3.0499999999999994
2020-08-17 00:55:00,3.0458333333333325
2020-08-17 00:56:00,3.0524999999999998
2020-08-17 00:57:00,3.0658333333333334
2020-08-17 00:58:00,3.073333333333333
2020-08-17 00:59:00,3.0774999999999992
2020-08-17 01:00:00,3.0741666666666667
2020-08-17 01:01:00,3.0841666666666665
2020-08-17 01:02:00,3.1033333333333335
2020-08-17 01:03:00,3.1116666666666664
2020-08-17 01:04:00,3.1183333333333336
2020-08-17 01:05:00,3.1208333333333336
2020-08-17 01:06:00,3.110833333333334
2020-08-17 01:07:00,3.1058333333333334
2020-08-17 01:08:00,3.101666666666667
2020-08-17 01:09:00,3.108333333333333
2020-08-17 01:10:00,3.1216666666666666
2020-08-17 01:11:00,3.1216666666666666
2020-08-17 01:12:00,3.140833333333333
2020-08-17 01:13:00,3.1491666666666664
2020-08-17 01:14:00,3.1466666666666665
2020-08-17 01:15:00,3.1483333333333334
2020-08-17 01:16:00,3.1658333333333335
2020-08-17 01:17:00,3.2008333333333336
2020-08-17 01:18:00,3.2241666666666666
2020-08-17 01:19:00,3.228333333333334
2020-08-17 01:20:00,3.24
2020-08-17 01:21:00,3.2233333333333327
2020-08-17 01:22:00,3.2391666666666663
2020-08-17 01:23:00,3.2216666666666662
2020-08-17 01:24:00,3.2266666666666666
2020-08-17 01:25:00,3.2066666666666674
2020-08-17 01:26:00,3.204166666666667
2020-08-17 01:27:00,3.1983333333333337
2020-08-17 01:28:00,3.188333333333333
2020-08-17 01:29:00,3.1775000000000007
2020-08-17 01:30:00,3.1825000000000006
2020-08-17 01:31:00,3.1858333333333335
2020-08-17 01:32:00,3.1966666666666668
2020-08-17 01:33:00,3.1858333333333335
2020-08-17 01:34:00,3.2033333333333336
2020-08-17 01:35:00,3.2025000000000006
2020-08-17 01:36:00,3.1958333333333333
2020-08-17 01:37:00,3.1908333333333334
2020-08-17 01:38:00,3.1875000000000004
2020-08-17 01:39:00,3.1924999999999994
2020-08-17 01:40:00,3.1966666666666668
2020-08-17 01:41:00,3.186363636363636
2020-08-17 01:42:00,3.1972727272727273
2020-08-17 01:43:00,3.191818181818182
2020-08-17 01:44:00,3.225
2020-08-17 01:45:00,3.236666666666667
2020-08-17 01:46:00,3.2508333333333326
2020-08-17 01:47:00,3.2525
2020-08-17 01:48:00,3.2774999999999994
2020-08-17 01:49:00,3.275833333333333
2020-08-17 01:50:00,3.2983333333333333
2020-08-17 01:51:00,3.308333333333333
2020-08-17 01:52:00,3.315
2020-08-17 01:53:00,3.3066666666666666
2020-08-17 01:54:00,3.3091666666666666
2020-08-17 01:55:00,3.311666666666666
2020-08-17 01:56:00,3.3716666666666666
2020-08-17 01:57:00,3.391666666666667
2020-08-17 01:58:00,3.3633333333333333
2020-08-17 01:59:00,3.3491666666666675
2020-08-17 02:00:00,3.330833333333333
2020-08-17 02:01:00,3.310833333333333
2020-08-17 02:02:00,3.2575000000000003
2020-08-17 02:03:00,3.231666666666666
2020-08-17 02:04:00,3.2041666666666675
2020-08-17 02:05:00,3.193333333333334
2020-08-17 02:06:00,3.151666666666666
2020-08-17 02:07:00,3.1108333333333333
2020-08-17 02:08:00,3.083636363636364
2020-08-17 02:09:00,3.0766666666666667
2020-08-17 02:10:00,3.071666666666666
2020-08-17 02:11:00,3.0649999999999995
2020-08-17 02:12:00,3.066666666666667
2020-08-17 02:13:00,3.049166666666667
2020-08-17 02:14:00,3.0541666666666667
2020-08-17 02:15:00,3.058333333333333
2020-08-17 02:16:00,3.045
2020-08-17 02:17:00,3.0358333333333327
2020-08-17 02:18:00,3.033333333333333
2020-08-17 02:19:00,3.025833333333333
2020-08-17 02:20:00,3.0241666666666673
2020-08-17 02:21:00,3.0058333333333334
2020-08-17 02:22:00,2.9983333333333335
2020-08-17 02:23:00,2.978333333333333
2020-08-17 02:24:00,2.9808333333333334
2020-08-17 02:25:00,2.9681818181818183
2020-08-17 02:26:00,2.9583333333333326
2020-08-17 02:27:00,2.9466666666666668
2020-08-17 02:28:00,2.950833333333333
2020-08-17 02:29:00,2.9375
2020-08-17 02:30:00,2.913
2020-08-17 02:31:00,2.9200000000000004
2020-08-17 02:32:00,2.9350000000000005
2020-08-17 02:33:00,2.9441666666666664
2020-08-17 02:34:00,2.9283333333333332
2020-08-17 02:35:00,2.9516666666666667
2020-08-17 02:36:00,2.9466666666666668
2020-08-17 02:37:00,2.9500000000000006
2020-08-17 02:38:00,2.9499999999999997
2020-08-17 02:39:00,2.9491666666666667
2020-08-17 02:40:00,2.9333333333333336
2020-08-17 02:41:00,2.9308333333333327
2020-08-17 02:42:00,2.9391666666666665
2020-08-17 02:43:00,2.9441666666666664
2020-08-17 02:44:00,2.9358333333333335
2020-08-17 02:45:00,2.9533333333333336
2020-08-17 02:46:00,2.9599999999999995
2020-08-17 02:47:00,2.9800000000000004
2020-08-17 02:48:00,2.9825
2020-08-17 02:49:00,3.0024999999999995
2020-08-17 02:50:00,3.01
2020-08-17 02:51:00,3.0000000000000004
2020-08-17 02:52:00,3.017272727272727
2020-08-17 02:53:00,3.01
2020-08-17 02:54:00,3.0124999999999997
2020-08-17 02:55:00,2.9975000000000005
2020-08-17 02:56:00,3.015
2020-08-17 02:57:00,3.0119999999999996
2020-08-17 02:58:00,3.0090909090909084
2020-08-17 02:59:00,3.0241666666666673
2020-08-17 03:00:00,3.0281818181818183
2020-08-17 03:01:00,3.033333333333333
2020-08-17 03:02:00,3.01
2020-08-17 03:03:00,3.014545454545454
2020-08-17 03:04:00,3.0124999999999993
2020-08-17 03:05:00,3.0191666666666666
2020-08-17 03:06:00,2.989166666666667
2020-08-17 03:07:00,2.990833333333334
2020-08-17 03:08:00,2.9983333333333335
2020-08-17 03:09:00,2.9954545454545456
2020-08-17 03:10:00,2.9933333333333327
2020-08-17 03:11:00,2.966666666666667
2020-08-17 03:12:00,2.955833333333334
2020-08-17 03:13:00,2.955
2020-08-17 03:14:00,2.9441666666666664
2020-08-17 03:15:00,2.93
2020-08-17 03:16:00,2.9258333333333333
2020-08-17 03:17:00,2.936666666666666
2020-08-17 03:18:00,2.955833333333333
2020-08-17 03:19:00,2.9708333333333328
2020-08-17 03:20:00,2.952727272727273
2020-08-17 03:21:00,2.9583333333333326
2020-08-17 03:22:00,2.9790909090909086
2020-08-17 03:23:00,2.99
2020-08-17 03:24:00,2.9958333333333336
2020-08-17 03:25:00,2.9875000000000003
2020-08-17 03:26:00,2.9990909090909095
2020-08-17 03:27:00,2.9933333333333336
2020-08-17 03:28:00,3.016363636363636
2020-08-17 03:29:00,3.0281818181818183
2020-08-17 03:30:00,3.0399999999999996
2020-08-17 03:31:00,3.0399999999999996
2020-08-17 03:32:00,3.0474999999999994
2020-08-17 03:33:00,3.040833333333333
2020-08-17 03:34:00,3.037272727272727
2020-08-17 03:35:00,3.0383333333333336
2020-08-17 03:36:00,3.0425
2020-08-17 03:37:00,3.049166666666667
2020-08-17 03:38:00,3.045
2020-08-17 03:39:00,3.045
2020-08-17 03:40:00,3.03
2020-08-17 03:41:00,3.043333333333333
2020-08-17 03:42:00,3.0541666666666667
2020-08-17 03:43:00,3.0524999999999998
2020-08-17 03:44:00,3.056666666666666
2020-08-17 03:45:00,3.0524999999999998
2020-08-17 03:46:00,3.0491666666666664
2020-08-17 03:47:00,3.0524999999999998
2020-08-17 03:48:00,3.0500000000000003
2020-08-17 03:49:00,3.0433333333333334
2020-08-17 03:50:00,3.043333333333333
2020-08-17 03:51:00,3.0375
2020-08-17 03:52:00,3.026666666666666
2020-08-17 03:53:00,3.0341666666666662
2020-08-17 03:54:00,3.0241666666666664
2020-08-17 03:55:00,3.0374999999999996
2020-08-17 03:56:00,3.043333333333333
2020-08-17 03:57:00,3.051666666666667
2020-08-17 03:58:00,3.0549999999999997
2020-08-17 03:59:00,3.058333333333333
2020-08-17 04:00:00,3.0500000000000003
2020-08-17 04:01:00,3.0383333333333336
2020-08-17 04:02:00,3.042499999999999
2020-08-17 04:03:00,3.0383333333333327
2020-08-17 04:04:00,3.0491666666666664
2020-08-17 04:05:00,3.043636363636364
2020-08-17 04:06:00,3.026666666666667
2020-08-17 04:07:00,3.0258333333333334
2020-08-17 04:08:00,3.0275
2020-08-17 04:09:00,3.0258333333333334
2020-08-17 04:10:00,3.0133333333333336
2020-08-17 04:11:00,2.9983333333333335
2020-08-17 04:12:00,2.9733333333333327
2020-08-17 04:13:00,2.98
2020-08-17 04:14:00,2.98
2020-08-17 04:15:00,2.9808333333333334
2020-08-17 04:16:00,2.998333333333333
2020-08-17 04:17:00,3.0045454545454544
2020-08-17 04:18:00,3.0281818181818183
2020-08-17 04:19:00,3.034
2020-08-17 04:20:00,3.042222222222222
2020-08-17 04:21:00,3.0372727272727276
2020-08-17 04:22:00,3.0366666666666666
2020-08-17 04:23:00,3.0316666666666663
2020-08-17 04:24:00,3.039090909090909
2020-08-17 04:25:00,3.045833333333334
2020-08-17 04:26:00,3.043333333333333
2020-08-17 04:27:00,3.0366666666666666
2020-08-17 04:28:00,3.0325
2020-08-17 04:29:00,3.0383333333333336
2020-08-17 04:30:00,3.0524999999999998
2020-08-17 04:31:00,3.0524999999999998
2020-08-17 04:32:00,3.060833333333333
2020-08-17 04:33:00,3.054166666666666
2020-08-17 04:34:00,3.053333333333333
2020-08-17 04:35:00,3.0541666666666667
2020-08-17 04:36:00,3.0691666666666664
2020-08-17 04:37:00,3.0716666666666668
2020-08-17 04:38:00,3.0666666666666664
2020-08-17 04:39:00,3.0683333333333334
2020-08-17 04:40:00,3.0654545454545454
2020-08-17 04:41:00,3.0524999999999998
2020-08-17 04:42:00,3.063333333333333
2020-08-17 04:43:00,3.061666666666667
2020-08-17 04:44:00,3.0416666666666665
2020-08-17 04:45:00,3.044166666666667
2020-08-17 04:46:00,3.0399999999999996
2020-08-17 04:47:00,3.014545454545454
2020-08-17 04:48:00,3.015833333333333
2020-08-17 04:49:00,3.0124999999999997
2020-08-17 04:50:00,3.0066666666666664
2020-08-17 04:51:00,2.9783333333333335
2020-08-17 04:52:00,2.9508333333333336
2020-08-17 04:53:00,2.955833333333334
2020-08-17 04:54:00,2.9458333333333333
2020-08-17 04:55:00,2.9425000000000003
2020-08-17 04:56:00,2.936666666666667
2020-08-17 04:57:00,2.9475000000000002
2020-08-17 04:58:00,2.9575
2020-08-17 04:59:00,2.9450000000000003
2020-08-17 05:00:00,2.9358333333333335
2020-08-17 05:01:00,2.9458333333333333
2020-08-17 05:02:00,2.959166666666667
2020-08-17 05:03:00,2.965
2020-08-17 05:04:00,2.9608333333333334
2020-08-17 05:05:00,2.965833333333333
2020-08-17 05:06:00,2.959166666666667
2020-08-17 05:07:00,2.9600000000000004
2020-08-17 05:08:00,2.9683333333333333
2020-08-17 05:09:00,2.978333333333334
2020-08-17 05:10:00,2.9916666666666667
2020-08-17 05:11:00,3.011666666666667
2020-08-17 05:12:00,3.0233333333333334
2020-08-17 05:13:00,3.0283333333333338
2020-08-17 05:14:00,3.0483333333333333
2020-08-17 05:15:00,3.0558333333333327
2020-08-17 05:16:00,3.0619999999999994
2020-08-17 05:17:00,3.0833333333333326
2020-08-17 05:18:00,3.0808333333333326
2020-08-17 05:19:00,3.096666666666667
2020-08-17 05:20:00,3.0933333333333333
2020-08-17 05:21:00,3.105833333333333
2020-08-17 05:22:00,3.0925
2020-08-17 05:23:00,3.0975
2020-08-17 05:24:00,3.0829999999999997
2020-08-17 05:25:00,3.0741666666666667
2020-08-17 05:26:00,3.0700000000000003
2020-08-17 05:27:00,3.0772727272727276
2020-08-17 05:28:00,3.0883333333333334
2020-08-17 05:29:00,3.1033333333333335
2020-08-17 05:30:00,3.1149999999999998
2020-08-17 05:31:00,3.1291666666666664
2020-08-17 05:32:00,3.1441666666666666
2020-08-17 05:33:00,3.146666666666667
2020-08-17 05:34:00,3.139166666666666
2020-08-17 05:35:00,3.1566666666666663
2020-08-17 05:36:00,3.135833333333333
2020-08-17 05:37:00,3.1333333333333333
2020-08-17 05:38:00,3.1300000000000003
2020-08-17 05:39:00,3.1283333333333334
2020-08-17 05:40:00,3.115
2020-08-17 05:41:00,3.125454545454545
2020-08-17 05:42:00,3.1191666666666666
2020-08-17 05:43:00,3.124166666666667
2020-08-17 05:44:00,3.14
2020-08-17 05:45:00,3.153333333333333
2020-08-17 05:46:00,3.1700000000000004
2020-08-17 05:47:00,3.1741666666666664
2020-08-17 05:48:00,3.2083333333333326
2020-08-17 05:49:00,3.2100000000000004
2020-08-17 05:50:00,3.223333333333333
2020-08-17 05:51:00,3.23
2020-08-17 05:52:00,3.248333333333333
2020-08-17 05:53:00,3.2416666666666667
2020-08-17 05:54:00,3.2499999999999996
2020-08-17 05:55:00,3.263333333333333
2020-08-17 05:56:00,3.2524999999999995
2020-08-17 05:57:00,3.2600000000000002
2020-08-17 05:58:00,3.2458333333333336
2020-08-17 05:59:00,3.220833333333333
2020-08-17 06:00:00,3.206666666666667
2020-08-17 06:01:00,3.2008333333333336
2020-08-17 06:02:00,3.1799999999999997
2020-08-17 06:03:00,3.170833333333333
2020-08-17 06:04:00,3.1508333333333334
2020-08-17 06:05:00,3.1525
2020-08-17 06:06:00,3.148333333333333
2020-08-17 06:07:00,3.1583333333333328
2020-08-17 06:08:00,3.141666666666666
2020-08-17 06:09:00,3.154166666666667
2020-08-17 06:10:00,3.1449999999999996
2020-08-17 06:11:00,3.15
2020-08-17 06:12:00,3.135
2020-08-17 06:13:00,3.1374999999999997
2020-08-17 06:14:00,3.143333333333333
2020-08-17 06:15:00,3.1366666666666663
2020-08-17 06:16:00,3.14
2020-08-17 06:17:00,3.1525
2020-08-17 06:18:00,3.1333333333333333
2020-08-17 06:19:00,3.1374999999999997
2020-08-17 06:20:00,3.1441666666666666
2020-08-17 06:21:00,3.14
2020-08-17 06:22:00,3.1463636363636365
2020-08-17 06:23:00,3.1558333333333337
2020-08-17 06:24:00,3.1625
2020-08-17 06:25:00,3.159166666666667
2020-08-17 06:26:00,3.1600000000000006
2020-08-17 06:27:00,3.161666666666667
2020-08-17 06:28:00,3.1636363636363636
2020-08-17 06:29:00,3.163333333333334
2020-08-17 06:30:00,3.1750000000000003
2020-08-17 06:31:00,3.185833333333333
2020-08-17 06:32:00,3.1791666666666667
2020-08-17 06:33:00,3.170833333333333
2020-08-17 06:34:00,3.1758333333333337
2020-08-17 06:35:00,3.1625
2020-08-17 06:36:00,3.1609090909090907
2020-08-17 06:37:00,3.1536363636363633
2020-08-17 06:38:00,3.1475000000000004
2020-08-17 06:39:00,3.149090909090909
2020-08-17 06:40:00,3.154166666666667
2020-08-17 06:41:00,3.1566666666666663
2020-08-17 06:42:00,3.155
2020-08-17 06:43:00,3.154166666666667
2020-08-17 06:44:00,3.1558333333333333
2020-08-17 06:45:00,3.1689999999999996
2020-08-17 06:46:00,3.1627272727272726
2020-08-17 06:47:00,3.1533333333333324
2020-08-17 06:48:00,3.176666666666667
2020-08-17 06:49:00,3.151666666666666
2020-08-17 06:50:00,3.178181818181819
2020-08-17 06:51:00,3.165833333333334
2020-08-17 06:52:00,3.1875000000000004
2020-08-17 06:53:00,3.1891666666666665
2020-08-17 06:54:00,3.210909090909091
2020-08-17 06:55:00,3.2099999999999995
2020-08-17 06:56:00,3.2427272727272736
2020-08-17 06:57:00,3.2725000000000004
2020-08-17 06:58:00,3.2791666666666663
2020-08-17 06:59:00,3.2974999999999994
2020-08-17 07:00:00,3.3300000000000005
2020-08-17 07:01:00,3.3275
2020-08-17 07:02:00,3.358333333333333
2020-08-17 07:03:00,3.380833333333333
2020-08-17 07:04:00,3.3833333333333333
2020-08-17 07:05:00,3.3716666666666666
2020-08-17 07:06:00,3.3333333333333335
2020-08-17 07:07:00,3.3249999999999997
2020-08-17 07:08:00,3.2709090909090914
2020-08-17 07:09:00,3.2499999999999996
2020-08-17 07:10:00,3.230833333333333
2020-08-17 07:11:00,3.1875
2020-08-17 07:12:00,3.1650000000000005
2020-08-17 07:13:00,3.1458333333333335
2020-08-17 07:14:00,3.1333333333333333
2020-08-17 07:15:00,3.140833333333333
2020-08-17 07:16:00,3.1325
2020-08-17 07:17:00,3.139166666666666
2020-08-17 07:18:00,3.1458333333333335
2020-08-17 07:19:00,3.1491666666666664
2020-08-17 07:20:00,3.165
2020-08-17 07:21:00,3.191666666666667
2020-08-17 07:22:00,3.2025000000000006
2020-08-17 07:23:00,3.189166666666667
2020-08-17 07:24:00,3.1950000000000003
2020-08-17 07:25:00,3.1890909090909094
2020-08-17 07:26:00,3.183333333333333
2020-08-17 07:27:00,3.171666666666667
2020-08-17 07:28:00,3.170833333333334
2020-08-17 07:29:00,3.1590000000000007
2020-08-17 07:30:00,3.171666666666667
2020-08-17 07:31:00,3.1608333333333327
2020-08-17 07:32:00,3.174166666666667
2020-08-17 07:33:00,3.167499999999999
2020-08-17 07:34:00,3.1716666666666664
2020-08-17 07:35:00,3.153333333333333
2020-08-17 07:36:00,3.1533333333333338
2020-08-17 07:37:00,3.160833333333333
2020-08-17 07:38:00,3.160833333333334
2020-08-17 07:39:00,3.1649999999999996
2020-08-17 07:40:00,3.164166666666667
2020-08-17 07:41:00,3.17
2020-08-17 07:42:00,3.1700000000000004
2020-08-17 07:43:00,3.1491666666666664
2020-08-17 07:44:00,3.1449999999999996
2020-08-17 07:45:00,3.1350000000000002
2020-08-17 07:46:00,3.1325
2020-08-17 07:47:00,3.129166666666667
2020-08-17 07:48:00,3.1275
2020-08-17 07:49:00,3.1274999999999995
2020-08-17 07:50:00,3.1216666666666666
2020-08-17 07:51:00,3.1424999999999996
2020-08-17 07:52:00,3.1875
2020-08-17 07:53:00,3.202727272727273
2020-08-17 07:54:00,3.2116666666666664
2020-08-17 07:55:00,3.1900000000000004
2020-08-17 07:56:00,3.180000000000001
2020-08-17 07:57:00,3.17
2020-08-17 07:58:00,3.1616666666666666
2020-08-17 07:59:00,3.0990909090909087
2020-08-17 08:00:00,3.0341666666666662
2020-08-17 08:01:00,3.045833333333334
2020-08-17 08:02:00,3.026666666666667
2020-08-17 08:03:00,3.015
2020-08-17 08:04:00,2.9958333333333336
2020-08-17 08:05:00,2.981666666666667
2020-08-17 08:06:00,2.983333333333334
2020-08-17 08:07:00,2.9683333333333333
2020-08-17 08:08:00,2.9616666666666664
2020-08-17 08:09:00,2.935833333333333
2020-08-17 08:10:00,2.9291666666666667
2020-08-17 08:11:00,2.9225
2020-08-17 08:12:00,2.9283333333333332
2020-08-17 08:13:00,2.939166666666667
2020-08-17 08:14:00,2.8924999999999996
2020-08-17 08:15:00,2.92
2020-08-17 08:16:00,2.9375
2020-08-17 08:17:00,2.956666666666667
2020-08-17 08:18:00,2.9866666666666664
2020-08-17 08:19:00,2.956666666666667
2020-08-17 08:20:00,2.9499999999999997
2020-08-17 08:21:00,2.9718181818181817
2020-08-17 08:22:00,2.9550000000000005
2020-08-17 08:23:00,2.998333333333333
2020-08-17 08:24:00,2.98
2020-08-17 08:25:00,2.928333333333333
2020-08-17 08:26:00,2.8958333333333335
2020-08-17 08:27:00,2.905
2020-08-17 08:28:00,2.9141666666666666
2020-08-17 08:29:00,2.948333333333333
2020-08-17 08:30:00,2.954166666666666
2020-08-17 08:31:00,2.9416666666666664
2020-08-17 08:32:00,2.9766666666666666
2020-08-17 08:33:00,2.9458333333333333
2020-08-17 08:34:00,3.0083333333333333
2020-08-17 08:35:00,2.9616666666666664
2020-08-17 08:36:00,2.9683333333333337
2020-08-17 08:37:00,2.9483333333333337
2020-08-17 08:38:00,2.943333333333334
2020-08-17 08:39:00,2.9725
2020-08-17 08:40:00,2.9909090909090907
2020-08-17 08:41:00,3.015
2020-08-17 08:42:00,2.9291666666666667
2020-08-17 08:43:00,2.8833333333333333
2020-08-17 08:44:00,2.8591666666666664
2020-08-17 08:45:00,2.885833333333333
2020-08-17 08:46:00,2.8649999999999998
2020-08-17 08:47:00,2.8941666666666666
2020-08-17 08:48:00,2.89
2020-08-17 08:49:00,2.8708333333333336
2020-08-17 08:50:00,2.8749999999999996
2020-08-17 08:51:00,2.8633333333333337
2020-08-17 08:52:00,2.8808333333333334
2020-08-17 08:53:00,2.8841666666666668
2020-08-17 08:54:00,2.830833333333334
2020-08-17 08:55:00,2.86
2020-08-17 08:56:00,2.841666666666667
2020-08-17 08:57:00,2.856666666666667
2020-08-17 08:58:00,2.8408333333333338
2020-08-17 08:59:00,2.7983333333333333
2020-08-17 09:00:00,2.7975
2020-08-17 09:01:00,2.811666666666666
2020-08-17 09:02:00,2.794166666666666
2020-08-17 09:03:00,2.8033333333333332
2020-08-17 09:04:00,2.8475
2020-08-17 09:05:00,2.8408333333333338
2020-08-17 09:06:00,2.8533333333333335
2020-08-17 09:07:00,2.859166666666667
2020-08-17 09:08:00,2.8841666666666668
2020-08-17 09:09:00,2.9225
2020-08-17 09:10:00,2.902727272727273
2020-08-17 09:11:00,2.911666666666667
2020-08-17 09:12:00,2.8808333333333334
2020-08-17 09:13:00,2.904166666666667
2020-08-17 09:14:00,2.91
2020-08-17 09:15:00,2.896666666666667
2020-08-17 09:16:00,2.895
2020-08-17 09:17:00,2.9045454545454543
2020-08-17 09:18:00,2.975833333333334
2020-08-17 09:19:00,2.9650000000000003
2020-08-17 09:20:00,2.962727272727273
2020-08-17 09:21:00,2.9663636363636368
2020-08-17 09:22:00,2.9308333333333327
2020-08-17 09:23:00,2.955
2020-08-17 09:24:00,2.9566666666666666
2020-08-17 09:25:00,2.9025000000000003
2020-08-17 09:26:00,2.8383333333333334
2020-08-17 09:27:00,2.8016666666666663
2020-08-17 09:28:00,2.8275
2020-08-17 09:29:00,2.82
2020-08-17 09:30:00,2.8266666666666667
2020-08-17 09:31:00,2.83
2020-08-17 09:32:00,2.828333333333333
2020-08-17 09:33:00,2.8091666666666666
2020-08-17 09:34:00,2.7758333333333334
2020-08-17 09:35:00,2.778333333333333
2020-08-17 09:36:00,2.779166666666667
2020-08-17 09:37:00,2.761818181818182
2020-08-17 09:38:00,2.765
2020-08-17 09:39:00,2.7691666666666666
2020-08-17 09:40:00,2.789166666666667
2020-08-17 09:41:00,2.7516666666666665
2020-08-17 09:42:00,2.783333333333333
2020-08-17 09:43:00,2.76
2020-08-17 09:44:00,2.7625000000000006
2020-08-17 09:45:00,2.741666666666667
2020-08-17 09:46:00,2.73
2020-08-17 09:47:00,2.76
2020-08-17 09:48:00,2.7836363636363632
2020-08-17 09:49:00,2.796666666666667
2020-08-17 09:50:00,2.785454545454545
2020-08-17 09:51:00,2.7925000000000004
2020-08-17 09:52:00,2.7809090909090908
2020-08-17 09:53:00,2.799166666666667
2020-08-17 09:54:00,2.7825
2020-08-17 09:55:00,2.785833333333333
2020-08-17 09:56:00,2.810833333333333
2020-08-17 09:57:00,2.8008333333333333
2020-08-17 09:58:00,2.7918181818181824
2020-08-17 09:59:00,2.8216666666666668
2020-08-17 10:00:00,2.7874999999999996
2020-08-17 10:01:00,2.8174999999999994
2020-08-17 10:02:00,2.8058333333333327
2020-08-17 10:03:00,2.8041666666666667
2020-08-17 10:04:00,2.8058333333333336
2020-08-17 10:05:00,2.794166666666667
2020-08-17 10:06:00,2.7981818181818183
2020-08-17 10:07:00,2.8236363636363633
2020-08-17 10:08:00,2.7900000000000005
2020-08-17 10:09:00,2.8183333333333334
2020-08-17 10:10:00,2.783333333333333
2020-08-17 10:11:00,2.759166666666667
2020-08-17 10:12:00,2.7525
2020-08-17 10:13:00,2.763333333333333
2020-08-17 10:14:00,2.7191666666666667
2020-08-17 10:15:00,2.7374999999999994
2020-08-17 10:16:00,2.756
2020-08-17 10:17:00,2.798181818181818
2020-08-17 10:18:00,2.7883333333333336
2020-08-17 10:19:00,2.8645454545454543
2020-08-17 10:20:00,2.972727272727273
2020-08-17 10:21:00,3.0275
2020-08-17 10:22:00,3.025454545454545
2020-08-17 10:23:00,2.9700000000000006
2020-08-17 10:24:00,2.954166666666667
2020-08-17 10:25:00,2.9410000000000003
2020-08-17 10:26:00,2.923333333333334
2020-08-17 10:27:00,2.8958333333333335
2020-08-17 10:28:00,2.841666666666667
2020-08-17 10:29:00,2.8066666666666666
2020-08-17 10:30:00,2.7741666666666664
2020-08-17 10:31:00,2.750833333333334
2020-08-17 10:32:00,2.732727272727273
2020-08-17 10:33:00,2.7258333333333327
2020-08-17 10:34:00,2.7249999999999996
2020-08-17 10:35:00,2.7325
2020-08-17 10:36:00,2.751666666666667
2020-08-17 10:37:00,2.795
2020-08-17 10:38:00,2.8149999999999995
2020-08-17 10:39:00,2.841666666666667
2020-08-17 10:40:00,2.839166666666667
2020-08-17 10:41:00,2.814166666666667
2020-08-17 10:42:00,2.7816666666666667
2020-08-17 10:43:00,2.7699999999999996
2020-08-17 10:44:00,2.7575000000000003
2020-08-17 10:45:00,2.759166666666666
2020-08-17 10:46:00,2.754166666666667
2020-08-17 10:47:00,2.7583333333333333
2020-08-17 10:48:00,2.759166666666666
2020-08-17 10:49:00,2.7624999999999997
2020-08-17 10:50:00,2.7433333333333336
2020-08-17 10:51:00,2.710833333333333
2020-08-17 10:52:00,2.7216666666666662
2020-08-17 10:53:00,2.7300000000000004
2020-08-17 10:54:00,2.766666666666667
2020-08-17 10:55:00,2.7999999999999994
2020-08-17 10:56:00,2.811666666666667
2020-08-17 10:57:00,2.8425000000000007
2020-08-17 10:58:00,2.870833333333333
2020-08-17 10:59:00,2.8866666666666667
2020-08-17 11:00:00,2.8850000000000002
2020-08-17 11:01:00,2.8833333333333333
2020-08-17 11:02:00,2.8799999999999994
2020-08-17 11:03:00,2.859166666666667
2020-08-17 11:04:00,2.8766666666666665
2020-08-17 11:05:00,2.8866666666666663
2020-08-17 11:06:00,2.874166666666667
2020-08-17 11:07:00,2.8633333333333337
2020-08-17 11:08:00,2.8708333333333336
2020-08-17 11:09:00,2.8699999999999997
2020-08-17 11:10:00,2.8800000000000003
2020-08-17 11:11:00,2.855
2020-08-17 11:12:00,2.837499999999999
2020-08-17 11:13:00,2.8433333333333337
2020-08-17 11:14:00,2.8241666666666663
2020-08-17 11:15:00,2.8249999999999993
2020-08-17 11:16:00,2.8330000000000006
2020-08-17 11:17:00,2.864166666666667
2020-08-17 11:18:00,2.858333333333334
2020-08-17 11:19:00,2.8500000000000005
2020-08-17 11:20:00,2.8533333333333335
2020-08-17 11:21:00,2.855
2020-08-17 11:22:00,2.870833333333333
2020-08-17 11:23:00,2.8408333333333324
2020-08-17 11:24:00,2.834545454545454
2020-08-17 11:25:00,2.8150000000000004
2020-08-17 11:26:00,2.8041666666666667
2020-08-17 11:27:00,2.8016666666666663
2020-08-17 11:28:00,2.8141666666666665
2020-08-17 11:29:00,2.8375000000000004
2020-08-17 11:30:00,2.8658333333333332
2020-08-17 11:31:00,2.8491666666666666
2020-08-17 11:32:00,2.866666666666667
2020-08-17 11:33:00,2.8716666666666666
2020-08-17 11:34:00,2.94
2020-08-17 11:35:00,2.9983333333333344
2020-08-17 11:36:00,3.0691666666666664
2020-08-17 11:37:00,3.0933333333333337
2020-08-17 11:38:00,3.138333333333333
2020-08-17 11:39:00,3.1491666666666664
2020-08-17 11:40:00,3.1345454545454547
2020-08-17 11:41:00,3.056
2020-08-17 11:42:00,2.9899999999999998
2020-08-17 11:43:00,2.9225000000000008
2020-08-17 11:44:00,2.866363636363637
2020-08-17 11:45:00,2.8074999999999997
2020-08-17 11:46:00,2.7708333333333335
2020-08-17 11:47:00,2.7366666666666664
2020-08-17 11:48:00,2.7558333333333334
2020-08-17 11:49:00,2.8425
2020-08-17 11:50:00,2.9008333333333334
2020-08-17 11:51:00,2.9425000000000003
2020-08-17 11:52:00,2.942500000000001
2020-08-17 11:53:00,2.964166666666667
2020-08-17 11:54:00,2.9600000000000004
2020-08-17 11:55:00,3.0141666666666667
2020-08-17 11:56:00,2.9891666666666663
2020-08-17 11:57:00,2.984166666666667
2020-08-17 11:58:00,2.9666666666666663
2020-08-17 11:59:00,2.9791666666666665
2020-08-17 12:00:00,2.9724999999999997
2020-08-17 12:01:00,2.9272727272727277
2020-08-17 12:02:00,2.9258333333333333
2020-08-17 12:03:00,2.8941666666666666
2020-08-17 12:04:00,2.864166666666667
2020-08-17 12:05:00,2.8416666666666672
2020-08-17 12:06:00,2.8241666666666667
2020-08-17 12:07:00,2.8191666666666664
2020-08-17 12:08:00,2.8236363636363637
2020-08-17 12:09:00,2.811666666666666
2020-08-17 12:10:00,2.8141666666666665
2020-08-17 12:11:00,2.8016666666666663
2020-08-17 12:12:00,2.814545454545455
2020-08-17 12:13:00,2.7858333333333327
2020-08-17 12:14:00,2.7991666666666664
2020-08-17 12:15:00,2.811666666666667
2020-08-17 12:16:00,2.7916666666666665
2020-08-17 12:17:00,2.810833333333333
2020-08-17 12:18:00,2.7900000000000005
2020-08-17 12:19:00,2.811666666666667
2020-08-17 12:20:00,2.790833333333333
2020-08-17 12:21:00,2.8058333333333327
2020-08-17 12:22:00,2.787272727272727
2020-08-17 12:23:00,2.7983333333333333
2020-08-17 12:24:00,2.8024999999999998
2020-08-17 12:25:00,2.7875
2020-08-17 12:26:00,2.8016666666666663
2020-08-17 12:27:00,2.799166666666667
2020-08-17 12:28:00,2.7999999999999994
2020-08-17 12:29:00,2.7883333333333336
2020-08-17 12:30:00,2.8074999999999997
2020-08-17 12:31:00,2.7927272727272725
2020-08-17 12:32:00,2.8033333333333332
2020-08-17 12:33:00,2.7999999999999994
2020-08-17 12:34:00,2.794166666666667
2020-08-17 12:35:00,2.7816666666666667
2020-08-17 12:36:00,2.771666666666667
2020-08-17 12:37:00,2.765
2020-08-17 12:38:00,2.771666666666667
2020-08-17 12:39:00,2.7449999999999997
2020-08-17 12:40:00,2.7300000000000004
2020-08-17 12:41:00,2.7175
2020-08-17 12:42:00,2.78
2020-08-17 12:43:00,2.8008333333333333
2020-08-17 12:44:00,2.816666666666667
2020-08-17 12:45:00,2.8274999999999992
2020-08-17 12:46:00,2.8575000000000004
2020-08-17 12:47:00,2.8666666666666667
2020-08-17 12:48:00,2.8766666666666665
2020-08-17 12:49:00,2.8625000000000003
2020-08-17 12:50:00,2.865
2020-08-17 12:51:00,2.8754545454545455
2020-08-17 12:52:00,2.8818181818181823
2020-08-17 12:53:00,2.875833333333333
2020-08-17 12:54:00,2.865833333333333
2020-08-17 12:55:00,2.876666666666667
2020-08-17 12:56:00,2.89
2020-08-17 12:57:00,2.8666666666666667
2020-08-17 12:58:00,2.8658333333333332
2020-08-17 12:59:00,2.8850000000000002
2020-08-17 13:00:00,2.865
2020-08-17 13:01:00,2.8666666666666667
2020-08-17 13:02:00,2.860833333333334
2020-08-17 13:03:00,2.86
2020-08-17 13:04:00,2.8783333333333334
2020-08-17 13:05:00,2.8674999999999997
2020-08-17 13:06:00,2.8781818181818184
2020-08-17 13:07:00,2.876666666666667
2020-08-17 13:08:00,2.8999999999999995
2020-08-17 13:09:00,2.9008333333333334
2020-08-17 13:10:00,2.9025000000000003
2020-08-17 13:11:00,2.8958333333333335
2020-08-17 13:12:00,2.8816666666666664
2020-08-17 13:13:00,2.8924999999999996
2020-08-17 13:14:00,2.8733333333333335
2020-08-17 13:15:00,2.873333333333333
2020-08-17 13:16:00,2.8558333333333334
2020-08-17 13:17:00,2.861666666666667
2020-08-17 13:18:00,2.83
2020-08-17 13:19:00,2.8009090909090912
2020-08-17 13:20:00,2.7825
2020-08-17 13:21:00,2.7550000000000003
2020-08-17 13:22:00,2.744545454545454
2020-08-17 13:23:00,2.7533333333333334
2020-08-17 13:24:00,2.74
2020-08-17 13:25:00,2.7516666666666665
2020-08-17 13:26:00,2.7475000000000005
2020-08-17 13:27:00,2.760833333333333
2020-08-17 13:28:00,2.7433333333333336
2020-08-17 13:29:00,2.7541666666666664
2020-08-17 13:30:00,2.77
2020-08-17 13:31:00,2.7750000000000004
2020-08-17 13:32:00,2.78
2020-08-17 13:33:00,2.8174999999999994
2020-08-17 13:34:00,2.8200000000000003
2020-08-17 13:35:00,2.830833333333333
2020-08-17 13:36:00,2.8266666666666667
2020-08-17 13:37:00,2.841666666666667
2020-08-17 13:38:00,2.8390909090909093
2020-08-17 13:39:00,2.8441666666666663
2020-08-17 13:40:00,2.8425
2020-08-17 13:41:00,2.8375
2020-08-17 13:42:00,2.8350000000000004
2020-08-17 13:43:00,2.825833333333333
2020-08-17 13:44:00,2.8225
2020-08-17 13:45:00,2.8016666666666663
2020-08-17 13:46:00,2.7891666666666666
2020-08-17 13:47:00,2.7954545454545454
2020-08-17 13:48:00,2.785833333333333
2020-08-17 13:49:00,2.7933333333333334
2020-08-17 13:50:00,2.7925000000000004
2020-08-17 13:51:00,2.7908333333333335
2020-08-17 13:52:00,2.795
2020-08-17 13:53:00,2.795
2020-08-17 13:54:00,2.7975
2020-08-17 13:55:00,2.794166666666667
2020-08-17 13:56:00,2.7883333333333336
2020-08-17 13:57:00,2.7825
2020-08-17 13:58:00,2.765833333333333
2020-08-17 13:59:00,2.7572727272727273
2020-08-17 14:00:00,2.7425
2020-08-17 14:01:00,2.752727272727272
2020-08-17 14:02:00,2.758333333333333
2020-08-17 14:03:00,2.755454545454546
2020-08-17 14:04:00,2.7466666666666666
2020-08-17 14:05:00,2.744166666666667
2020-08-17 14:06:00,2.7441666666666666
2020-08-17 14:07:00,2.7363636363636363
2020-08-17 14:08:00,2.722727272727273
2020-08-17 14:09:00,2.7408333333333332
2020-08-17 14:10:00,2.7091666666666665
2020-08-17 14:11:00,2.6808333333333336
2020-08-17 14:12:00,2.7008333333333336
2020-08-17 14:13:00,2.7175
2020-08-17 14:14:00,2.7258333333333336
2020-08-17 14:15:00,2.733333333333334
2020-08-17 14:16:00,2.7575000000000003
2020-08-17 14:17:00,2.7616666666666663
2020-08-17 14:18:00,2.7708333333333335
2020-08-17 14:19:00,2.7983333333333333
2020-08-17 14:20:00,2.8036363636363637
2020-08-17 14:21:00,2.7874999999999996
2020-08-17 14:22:00,2.8008333333333333
2020-08-17 14:23:00,2.8074999999999997
2020-08-17 14:24:00,2.8074999999999997
2020-08-17 14:25:00,2.826666666666666
2020-08-17 14:26:00,2.823333333333333
2020-08-17 14:27:00,2.8358333333333334
2020-08-17 14:28:00,2.8425
2020-08-17 14:29:00,2.8358333333333334
2020-08-17 14:30:00,2.8383333333333334
2020-08-17 14:31:00,2.836666666666666
2020-08-17 14:32:00,2.8441666666666667
2020-08-17 14:33:00,2.835833333333333
2020-08-17 14:34:00,2.8408333333333338
2020-08-17 14:35:00,2.85
2020-08-17 14:36:00,2.8508333333333336
2020-08-17 14:37:00,2.8645454545454547
2020-08-17 14:38:00,2.8700000000000006
2020-08-17 14:39:00,2.860833333333334
2020-08-17 14:40:00,2.870833333333333
2020-08-17 14:41:00,2.8766666666666665
2020-08-17 14:42:00,2.8658333333333332
2020-08-17 14:43:00,2.877272727272727
2020-08-17 14:44:00,2.874166666666666
2020-08-17 14:45:00,2.8799999999999994
2020-08-17 14:46:00,2.874166666666666
2020-08-17 14:47:00,2.8525000000000005
2020-08-17 14:48:00,2.8508333333333336
2020-08-17 14:49:00,2.849166666666667
2020-08-17 14:50:00,2.8524999999999996
2020-08-17 14:51:00,2.8666666666666667
2020-08-17 14:52:00,2.8716666666666666
2020-08-17 14:53:00,2.8933333333333326
2020-08-17 14:54:00,2.9125
2020-08-17 14:55:00,2.92
2020-08-17 14:56:00,2.9158333333333335
2020-08-17 14:57:00,2.9083333333333337
2020-08-17 14:58:00,2.9
2020-08-17 14:59:00,2.8909090909090907
2020-08-17 15:00:00,2.8827272727272724
2020-08-17 15:01:00,2.8491666666666666
2020-08-17 15:02:00,2.8349999999999995
2020-08-17 15:03:00,2.8174999999999994
2020-08-17 15:04:00,2.784166666666667
2020-08-17 15:05:00,2.7866666666666666
2020-08-17 15:06:00,2.795
2020-08-17 15:07:00,2.7875
2020-08-17 15:08:00,2.7875
2020-08-17 15:09:00,2.779166666666667
2020-08-17 15:10:00,2.803333333333333
2020-08-17 15:11:00,2.796666666666667
2020-08-17 15:12:00,2.8074999999999997
2020-08-17 15:13:00,2.8400000000000003
2020-08-17 15:14:00,2.873333333333333
2020-08-17 15:15:00,2.936666666666667
2020-08-17 15:16:00,2.9699999999999993
2020-08-17 15:17:00,2.9858333333333333
2020-08-17 15:18:00,3.0141666666666667
2020-08-17 15:19:00,3.0275
2020-08-17 15:20:00,3.0291666666666663
2020-08-17 15:21:00,3.0308333333333333
2020-08-17 15:22:00,3.03
2020-08-17 15:23:00,3.0199999999999996
2020-08-17 15:24:00,2.981666666666667
2020-08-17 15:25:00,2.981666666666667
2020-08-17 15:26:00,2.965
2020-08-17 15:27:00,2.963636363636364
2020-08-17 15:28:00,2.9433333333333334
2020-08-17 15:29:00,2.938333333333334
2020-08-17 15:30:00,2.959166666666667
2020-08-17 15:31:00,2.955
2020-08-17 15:32:00,2.941666666666667
2020-08-17 15:33:00,2.953333333333333
2020-08-17 15:34:00,2.9709090909090907
2020-08-17 15:35:00,2.9475000000000002
2020-08-17 15:36:00,2.9533333333333336
2020-08-17 15:37:00,2.9675
2020-08-17 15:38:00,2.950909090909091
2020-08-17 15:39:00,2.9491666666666667
2020-08-17 15:40:00,2.935
2020-08-17 15:41:00,2.9250000000000007
2020-08-17 15:42:00,2.9200000000000004
2020-08-17 15:43:00,2.910909090909092
2020-08-17 15:44:00,2.9
2020-08-17 15:45:00,2.8958333333333335
2020-08-17 15:46:00,2.893636363636363
2020-08-17 15:47:00,2.8883333333333336
2020-08-17 15:48:00,2.888333333333333
2020-08-17 15:49:00,2.8974999999999995
2020-08-17 15:50:00,2.910833333333333
2020-08-17 15:51:00,2.92
2020-08-17 15:52:00,2.9127272727272726
2020-08-17 15:53:00,2.898181818181818
2020-08-17 15:54:00,2.910833333333333
2020-08-17 15:55:00,2.874166666666667
2020-08-17 15:56:00,2.8575000000000004
2020-08-17 15:57:00,2.8445454545454547
2020-08-17 15:58:00,2.8341666666666665
2020-08-17 15:59:00,2.8458333333333337
2020-08-17 16:00:00,2.846666666666667
2020-08-17 16:01:00,2.841666666666667
2020-08-17 16:02:00,2.8491666666666666
2020-08-17 16:03:00,2.8633333333333333
2020-08-17 16:04:00,2.8958333333333326
2020-08-17 16:05:00,2.920833333333333
2020-08-17 16:06:00,2.9408333333333334
2020-08-17 16:07:00,2.973333333333334
2020-08-17 16:08:00,2.9233333333333333
2020-08-17 16:09:00,2.919090909090909
2020-08-17 16:10:00,2.8941666666666666
2020-08-17 16:11:00,2.9127272727272735
2020-08-17 16:12:00,2.899090909090909
2020-08-17 16:13:00,2.940909090909091
2020-08-17 16:14:00,2.959166666666667
2020-08-17 16:15:00,2.953333333333333
2020-08-17 16:16:00,2.9616666666666664
2020-08-17 16:17:00,2.973333333333333
2020-08-17 16:18:00,2.945
2020-08-17 16:19:00,2.9681818181818183
2020-08-17 16:20:00,2.955
2020-08-17 16:21:00,2.964166666666666
2020-08-17 16:22:00,2.9599999999999995
2020-08-17 16:23:00,2.959166666666666
2020-08-17 16:24:00,2.9691666666666667
2020-08-17 16:25:00,2.9516666666666667
2020-08-17 16:26:00,2.9691666666666667
2020-08-17 16:27:00,2.9583333333333335
2020-08-17 16:28:00,2.973333333333333
2020-08-17 16:29:00,2.97
2020-08-17 16:30:00,2.9583333333333335
2020-08-17 16:31:00,2.975000000000001
2020-08-17 16:32:00,2.9708333333333337
2020-08-17 16:33:00,2.9758333333333336
2020-08-17 16:34:00,2.9675
2020-08-17 16:35:00,2.9875000000000003
2020-08-17 16:36:00,2.9741666666666666
2020-08-17 16:37:00,2.996666666666666
2020-08-17 16:38:00,3.004166666666667
2020-08-17 16:39:00,3.0058333333333334
2020-08-17 16:40:00,3.0341666666666662
2020-08-17 16:41:00,3.0325
2020-08-17 16:42:00,3.0749999999999997
2020-08-17 16:43:00,3.081666666666667
2020-08-17 16:44:00,3.1125000000000003
2020-08-17 16:45:00,3.1375000000000006
2020-08-17 16:46:00,3.1625
2020-08-17 16:47:00,3.1808333333333336
2020-08-17 16:48:00,3.185833333333333
2020-08-17 16:49:00,3.2274999999999996
2020-08-17 16:50:00,3.223333333333333
2020-08-17 16:51:00,3.2475
2020-08-17 16:52:00,3.243333333333334
2020-08-17 16:53:00,3.2533333333333334
2020-08-17 16:54:00,3.2575
2020-08-17 16:55:00,3.240833333333333
2020-08-17 16:56:00,3.247499999999999
2020-08-17 16:57:00,3.2375000000000003
2020-08-17 16:58:00,3.2216666666666662
2020-08-17 16:59:00,3.2409090909090916
2020-08-17 17:00:00,3.2358333333333333
2020-08-17 17:01:00,3.2216666666666662
2020-08-17 17:02:00,3.231666666666667
2020-08-17 17:03:00,3.2100000000000004
2020-08-17 17:04:00,3.230833333333333
2020-08-17 17:05:00,3.2258333333333327
2020-08-17 17:06:00,3.2458333333333336
2020-08-17 17:07:00,3.257499999999999
2020-08-17 17:08:00,3.233333333333333
2020-08-17 17:09:00,3.2600000000000002
2020-08-17 17:10:00,3.2424999999999997
2020-08-17 17:11:00,3.246666666666666
2020-08-17 17:12:00,3.2383333333333337
2020-08-17 17:13:00,3.205833333333333
2020-08-17 17:14:00,3.1983333333333337
2020-08-17 17:15:00,3.18
2020-08-17 17:16:00,3.1509090909090904
2020-08-17 17:17:00,3.1075000000000004
2020-08-17 17:18:00,3.0766666666666667
2020-08-17 17:19:00,3.0625
2020-08-17 17:20:00,3.045
2020-08-17 17:21:00,3.0216666666666665
2020-08-17 17:22:00,3.0049999999999994
2020-08-17 17:23:00,2.9825000000000004
2020-08-17 17:24:00,2.995833333333333
2020-08-17 17:25:00,2.9936363636363637
2020-08-17 17:26:00,2.9758333333333336
2020-08-17 17:27:00,2.990833333333334
2020-08-17 17:28:00,2.9774999999999996
2020-08-17 17:29:00,3.005833333333333
2020-08-17 17:30:00,3.015
2020-08-17 17:31:00,3.0216666666666665
2020-08-17 17:32:00,3.0481818181818183
2020-08-17 17:33:00,3.0475
2020-08-17 17:34:00,3.0491666666666664
2020-08-17 17:35:00,3.0666666666666664
2020-08-17 17:36:00,3.0858333333333334
2020-08-17 17:37:00,3.0850000000000004
2020-08-17 17:38:00,3.111666666666667
2020-08-17 17:39:00,3.1374999999999997
2020-08-17 17:40:00,3.1333333333333333
2020-08-17 17:41:00,3.1608333333333327
2020-08-17 17:42:00,3.1816666666666666
2020-08-17 17:43:00,3.214166666666667
2020-08-17 17:44:00,3.229166666666666
2020-08-17 17:45:00,3.2516666666666665
2020-08-17 17:46:00,3.265
2020-08-17 17:47:00,3.283636363636364
2020-08-17 17:48:00,3.2875
2020-08-17 17:49:00,3.2854545454545456
2020-08-17 17:50:00,3.283333333333333
2020-08-17 17:51:00,3.2824999999999993
2020-08-17 17:52:00,3.2775000000000003
2020-08-17 17:53:00,3.250833333333333
2020-08-17 17:54:00,3.2291666666666674
2020-08-17 17:55:00,3.1625
2020-08-17 17:56:00,3.1108333333333333
2020-08-17 17:57:00,3.0883333333333334
2020-08-17 17:58:00,3.0733333333333337
2020-08-17 17:59:00,3.0375
2020-08-17 18:00:00,3.0133333333333336
2020-08-17 18:01:00,3.016666666666666
2020-08-17 18:02:00,2.9950000000000006
2020-08-17 18:03:00,3.0309090909090908
2020-08-17 18:04:00,3.018333333333333
2020-08-17 18:05:00,3.018333333333334
2020-08-17 18:06:00,3.036363636363636
2020-08-17 18:07:00,3.035833333333333
2020-08-17 18:08:00,3.0308333333333337
2020-08-17 18:09:00,3.0109090909090908
2020-08-17 18:10:00,2.9891666666666663
2020-08-17 18:11:00,2.974166666666667
2020-08-17 18:12:00,2.940833333333334
2020-08-17 18:13:00,2.934
2020-08-17 18:14:00,2.910833333333333
2020-08-17 18:15:00,2.891666666666666
2020-08-17 18:16:00,2.8991666666666664
2020-08-17 18:17:00,2.883333333333333
2020-08-17 18:18:00,2.881666666666666
2020-08-17 18:19:00,2.8850000000000002
2020-08-17 18:20:00,2.8825000000000003
2020-08-17 18:21:00,2.877500000000001
2020-08-17 18:22:00,2.869166666666667
2020-08-17 18:23:00,2.8872727272727268
2020-08-17 18:24:00,2.8825
2020-08-17 18:25:00,2.905
2020-08-17 18:26:00,2.8958333333333326
2020-08-17 18:27:00,2.9058333333333337
2020-08-17 18:28:00,2.8941666666666657
2020-08-17 18:29:00,2.9091666666666676
2020-08-17 18:30:00,2.890833333333333
2020-08-17 18:31:00,2.885
2020-08-17 18:32:00,2.8866666666666667
2020-08-17 18:33:00,2.888333333333333
2020-08-17 18:34:00,2.890833333333333
2020-08-17 18:35:00,2.8941666666666666
2020-08-17 18:36:00,2.8966666666666665
2020-08-17 18:37:00,2.9150000000000005
2020-08-17 18:38:00,2.910909090909091
2020-08-17 18:39:00,2.9375
2020-08-17 18:40:00,2.9227272727272733
2020-08-17 18:41:00,2.959166666666667
2020-08-17 18:42:00,2.9408333333333334
2020-08-17 18:43:00,2.948333333333334
2020-08-17 18:44:00,2.938333333333334
2020-08-17 18:45:00,2.9258333333333333
2020-08-17 18:46:00,2.9025
2020-08-17 18:47:00,2.8725000000000005
2020-08-17 18:48:00,2.8633333333333333
2020-08-17 18:49:00,2.8329999999999997
2020-08-17 18:50:00,2.8299999999999996
2020-08-17 18:51:00,2.8158333333333334
2020-08-17 18:52:00,2.846666666666667
2020-08-17 18:53:00,2.8475
2020-08-17 18:54:00,2.860833333333334
2020-08-17 18:55:00,2.8727272727272726
2020-08-17 18:56:00,2.888181818181818
2020-08-17 18:57:00,2.8927272727272726
2020-08-17 18:58:00,2.914166666666666
2020-08-17 18:59:00,2.8974999999999995
2020-08-17 19:00:00,2.9250000000000003
2020-08-17 19:01:00,2.9075
2020-08-17 19:02:00,2.9158333333333335
2020-08-17 19:03:00,2.9250000000000003
2020-08-17 19:04:00,2.9283333333333332
2020-08-17 19:05:00,2.9041666666666663
2020-08-17 19:06:00,2.9158333333333335
2020-08-17 19:07:00,2.9099999999999997
2020-08-17 19:08:00,2.901666666666667
2020-08-17 19:09:00,2.899166666666666
2020-08-17 19:10:00,2.8774999999999995
2020-08-17 19:11:00,2.8774999999999995
2020-08-17 19:12:00,2.8874999999999997
2020-08-17 19:13:00,2.89
2020-08-17 19:14:00,2.893333333333334
2020-08-17 19:15:00,2.9075
2020-08-17 19:16:00,2.9216666666666664
2020-08-17 19:17:00,2.9433333333333334
2020-08-17 19:18:00,2.924166666666667
2020-08-17 19:19:00,2.9583333333333326
2020-08-17 19:20:00,2.9483333333333337
2020-08-17 19:21:00,2.9616666666666664
2020-08-17 19:22:00,2.9450000000000003
2020-08-17 19:23:00,2.9325000000000006
2020-08-17 19:24:00,2.9025
2020-08-17 19:25:00,2.91
2020-08-17 19:26:00,2.8774999999999995
2020-08-17 19:27:00,2.8674999999999997
2020-08-17 19:28:00,2.875833333333333
2020-08-17 19:29:00,2.8666666666666667
2020-08-17 19:30:00,2.8683333333333336
2020-08-17 19:31:00,2.8766666666666665
2020-08-17 19:32:00,2.870833333333333
2020-08-17 19:33:00,2.8658333333333332
2020-08-17 19:34:00,2.865
2020-08-17 19:35:00,2.8658333333333332
2020-08-17 19:36:00,2.856666666666667
2020-08-17 19:37:00,2.868333333333334
2020-08-17 19:38:00,2.8766666666666665
2020-08-17 19:39:00,2.8749999999999996
2020-08-17 19:40:00,2.881666666666666
2020-08-17 19:41:00,2.8716666666666666
2020-08-17 19:42:00,2.872499999999999
2020-08-17 19:43:00,2.875833333333333
2020-08-17 19:44:00,2.8658333333333332
2020-08-17 19:45:00,2.8645454545454547
2020-08-17 19:46:00,2.8633333333333333
2020-08-17 19:47:00,2.873333333333333
2020-08-17 19:48:00,2.8766666666666665
2020-08-17 19:49:00,2.889166666666666
2020-08-17 19:50:00,2.8983333333333334
2020-08-17 19:51:00,2.9075
2020-08-17 19:52:00,2.9299999999999997
2020-08-17 19:53:00,2.930833333333334
2020-08-17 19:54:00,2.9516666666666667
2020-08-17 19:55:00,2.9425000000000003
2020-08-17 19:56:00,2.958181818181818
2020-08-17 19:57:00,2.9583333333333335
2020-08-17 19:58:00,2.941666666666667
2020-08-17 19:59:00,2.9391666666666665
2020-08-17 20:00:00,2.9258333333333333
2020-08-17 20:01:00,2.9275
2020-08-17 20:02:00,2.91
2020-08-17 20:03:00,2.8958333333333326
2020-08-17 20:04:00,2.8958333333333326
2020-08-17 20:05:00,2.900833333333333
2020-08-17 20:06:00,2.8783333333333334
2020-08-17 20:07:00,2.8708333333333336
2020-08-17 20:08:00,2.8625000000000003
2020-08-17 20:09:00,2.865
2020-08-17 20:10:00,2.8575
2020-08-17 20:11:00,2.8491666666666666
2020-08-17 20:12:00,2.8541666666666665
2020-08-17 20:13:00,2.86
2020-08-17 20:14:00,2.853333333333334
2020-08-17 20:15:00,2.856666666666667
2020-08-17 20:16:00,2.865
2020-08-17 20:17:00,2.8681818181818177
2020-08-17 20:18:00,2.890833333333333
2020-08-17 20:19:00,2.8941666666666666
2020-08-17 20:20:00,2.8941666666666666
2020-08-17 20:21:00,2.9025
2020-08-17 20:22:00,2.8899999999999992
2020-08-17 20:23:00,2.9
2020-08-17 20:24:00,2.8974999999999995
2020-08-17 20:25:00,2.9125
2020-08-17 20:26:00,2.921818181818182
2020-08-17 20:27:00,2.9054545454545457
2020-08-17 20:28:00,2.9350000000000005
2020-08-17 20:29:00,2.9291666666666667
2020-08-17 20:30:00,2.9625
2020-08-17 20:31:00,2.9649999999999994
2020-08-17 20:32:00,2.9874999999999994
2020-08-17 20:33:00,2.985833333333334
2020-08-17 20:34:00,3.0033333333333334
2020-08-17 20:35:00,2.998333333333333
2020-08-17 20:36:00,3.019166666666667
2020-08-17 20:37:00,3.0075000000000003
2020-08-17 20:38:00,3.0300000000000007
2020-08-17 20:39:00,3.02
2020-08-17 20:40:00,3.0124999999999997
2020-08-17 20:41:00,3.013333333333333
2020-08-17 20:42:00,2.9966666666666666
2020-08-17 20:43:00,2.9927272727272727
2020-08-17 20:44:00,2.9975000000000005
2020-08-17 20:45:00,2.970833333333333
2020-08-17 20:46:00,2.997272727272727
2020-08-17 20:47:00,2.993333333333334
2020-08-17 20:48:00,2.9775000000000005
2020-08-17 20:49:00,2.9949999999999997
2020-08-17 20:50:00,2.9775000000000005
2020-08-17 20:51:00,2.9825
2020-08-17 20:52:00,2.9516666666666667
2020-08-17 20:53:00,2.954166666666667
2020-08-17 20:54:00,2.9209090909090905
2020-08-17 20:55:00,2.9324999999999997
2020-08-17 20:56:00,2.911818181818182
2020-08-17 20:57:00,2.901666666666666
2020-08-17 20:58:00,2.9116666666666657
2020-08-17 20:59:00,2.901666666666667
2020-08-17 21:00:00,2.9058333333333333
2020-08-17 21:01:00,2.9
2020-08-17 21:02:00,2.8974999999999995
2020-08-17 21:03:00,2.900833333333333
2020-08-17 21:04:00,2.8991666666666664
2020-08-17 21:05:00,2.9275
2020-08-17 21:06:00,2.919166666666667
2020-08-17 21:07:00,2.9533333333333336
2020-08-17 21:08:00,2.9709090909090907
2020-08-17 21:09:00,2.9791666666666665
2020-08-17 21:10:00,2.985454545454546
2020-08-17 21:11:00,3.014545454545455
2020-08-17 21:12:00,3.0400000000000005
2020-08-17 21:13:00,3.014166666666666
2020-08-17 21:14:00,3.036666666666667
2020-08-17 21:15:00,3.023333333333333
2020-08-17 21:16:00,3.0083333333333333
2020-08-17 21:17:00,3.004999999999999
2020-08-17 21:18:00,2.9774999999999996
2020-08-17 21:19:00,2.9683333333333333
2020-08-17 21:20:00,2.98
2020-08-17 21:21:00,2.956666666666667
2020-08-17 21:22:00,2.9725
2020-08-17 21:23:00,2.9566666666666666
2020-08-17 21:24:00,2.9399999999999995
2020-08-17 21:25:00,2.9309090909090902
2020-08-17 21:26:00,2.9075
2020-08-17 21:27:00,2.9054545454545453
2020-08-17 21:28:00,2.9075
2020-08-17 21:29:00,2.920833333333334
2020-08-17 21:30:00,2.9033333333333338
2020-08-17 21:31:00,2.920833333333334
2020-08-17 21:32:00,2.930833333333334
2020-08-17 21:33:00,2.9345454545454546
2020-08-17 21:34:00,2.936666666666667
2020-08-17 21:35:00,2.9250000000000003
2020-08-17 21:36:00,2.938333333333333
2020-08-17 21:37:00,2.924166666666667
2020-08-17 21:38:00,2.9283333333333332
2020-08-17 21:39:00,2.9125
2020-08-17 21:40:00,2.8941666666666666
2020-08-17 21:41:00,2.8941666666666666
2020-08-17 21:42:00,2.8825
2020-08-17 21:43:00,2.8783333333333334
2020-08-17 21:44:00,2.8825
2020-08-17 21:45:00,2.8791666666666664
2020-08-17 21:46:00,2.8799999999999994
2020-08-17 21:47:00,2.8800000000000003
2020-08-17 21:48:00,2.8866666666666667
2020-08-17 21:49:00,2.877500000000001
2020-08-17 21:50:00,2.8766666666666665
2020-08-17 21:51:00,2.8633333333333333
2020-08-17 21:52:00,2.8558333333333334
2020-08-17 21:53:00,2.8525000000000005
2020-08-17 21:54:00,2.8436363636363633
2020-08-17 21:55:00,2.8333333333333326
2020-08-17 21:56:00,2.8158333333333334
2020-08-17 21:57:00,2.8166666666666664
2020-08-17 21:58:00,2.821666666666666
2020-08-17 21:59:00,2.823333333333333
2020-08-17 22:00:00,2.8383333333333334
2020-08-17 22:01:00,2.849166666666667
2020-08-17 22:02:00,2.860833333333334
2020-08-17 22:03:00,2.8725
2020-08-17 22:04:00,2.908181818181818
2020-08-17 22:05:00,2.905
2020-08-17 22:06:00,2.9225
2020-08-17 22:07:00,2.921666666666667
2020-08-17 22:08:00,2.9375
2020-08-17 22:09:00,2.9183333333333334
2020-08-17 22:10:00,2.903636363636364
2020-08-17 22:11:00,2.8966666666666665
2020-08-17 22:12:00,2.8766666666666665
2020-08-17 22:13:00,2.8783333333333325
2020-08-17 22:14:00,2.865
2020-08-17 22:15:00,2.8725
2020-08-17 22:16:00,2.8554545454545455
2020-08-17 22:17:00,2.8700000000000006
2020-08-17 22:18:00,2.858333333333334
2020-08-17 22:19:00,2.858333333333334
2020-08-17 22:20:00,2.8558333333333334
2020-08-17 22:21:00,2.8608333333333333
2020-08-17 22:22:00,2.8658333333333332
2020-08-17 22:23:00,2.8725000000000005
2020-08-17 22:24:00,2.8700000000000006
2020-08-17 22:25:00,2.891666666666666
2020-08-17 22:26:00,2.8924999999999996
2020-08-17 22:27:00,2.918333333333333
2020-08-17 22:28:00,2.9424999999999994
2020-08-17 22:29:00,2.9450000000000003
2020-08-17 22:30:00,2.9808333333333334
2020-08-17 22:31:00,2.997272727272727
2020-08-17 22:32:00,2.9900000000000007
2020-08-17 22:33:00,3.0141666666666667
2020-08-17 22:34:00,3.0091666666666668
2020-08-17 22:35:00,3.0275000000000003
2020-08-17 22:36:00,3.0175000000000005
2020-08-17 22:37:00,3.0058333333333334
2020-08-17 22:38:00,3.013333333333333
2020-08-17 22:39:00,2.9941666666666666
2020-08-17 22:40:00,2.980909090909091
2020-08-17 22:41:00,2.9825
2020-08-17 22:42:00,2.9533333333333336
2020-08-17 22:43:00,2.955833333333334
2020-08-17 22:44:00,2.936363636363637
2020-08-17 22:45:00,2.936666666666667
2020-08-17 22:46:00,2.941666666666667
2020-08-17 22:47:00,2.959166666666667
2020-08-17 22:48:00,2.9599999999999995
2020-08-17 22:49:00,2.978333333333334
2020-08-17 22:50:00,3.008333333333333
2020-08-17 22:51:00,3.0474999999999994
2020-08-17 22:52:00,3.0725
2020-08-17 22:53:00,3.089166666666667
2020-08-17 22:54:00,3.1181818181818177
2020-08-17 22:55:00,3.1449999999999996
2020-08-17 22:56:00,3.170833333333334
2020-08-17 22:57:00,3.186666666666666
2020-08-17 22:58:00,3.1966666666666668
2020-08-17 22:59:00,3.2183333333333333
2020-08-17 23:00:00,3.231666666666667
2020-08-17 23:01:00,3.2358333333333333
2020-08-17 23:02:00,3.2374999999999994
2020-08-17 23:03:00,3.2409090909090916
2020-08-17 23:04:00,3.248333333333333
2020-08-17 23:05:00,3.240833333333333
2020-08-17 23:06:00,3.2425
2020-08-17 23:07:00,3.255833333333333
2020-08-17 23:08:00,3.2481818181818185
2020-08-17 23:09:00,3.2708333333333335
2020-08-17 23:10:00,3.2566666666666664
2020-08-17 23:11:00,3.2575
2020-08-17 23:12:00,3.2341666666666673
2020-08-17 23:13:00,3.224166666666667
2020-08-17 23:14:00,3.1983333333333337
2020-08-17 23:15:00,3.1772727272727277
2020-08-17 23:16:00,3.1545454545454543
2020-08-17 23:17:00,3.14
2020-08-17 23:18:00,3.132727272727273
2020-08-17 23:19:00,3.1300000000000003
2020-08-17 23:20:00,3.1325
2020-08-17 23:21:00,3.1249999999999996
2020-08-17 23:22:00,3.125454545454545
2020-08-17 23:23:00,3.1175
2020-08-17 23:24:00,3.128181818181818
2020-08-17 23:25:00,3.1125000000000003
2020-08-17 23:26:00,3.1266666666666665
2020-08-17 23:27:00,3.120833333333334
2020-08-17 23:28:00,3.1366666666666667
2020-08-17 23:29:00,3.1374999999999997
2020-08-17 23:30:00,3.145
2020-08-17 23:31:00,3.1554545454545457
2020-08-17 23:32:00,3.158333333333333
2020-08-17 23:33:00,3.1583333333333328
2020-08-17 23:34:00,3.1545454545454543
2020-08-17 23:35:00,3.1641666666666666
2020-08-17 23:36:00,3.160833333333333
2020-08-17 23:37:00,3.1608333333333327
2020-08-17 23:38:00,3.1566666666666663
2020-08-17 23:39:00,3.171666666666667
2020-08-17 23:40:00,3.1650000000000005
2020-08-17 23:41:00,3.1675
2020-08-17 23:42:00,3.163636363636364
2020-08-17 23:43:00,3.1624999999999996
2020-08-17 23:44:00,3.1733333333333333
2020-08-17 23:45:00,3.1666666666666665
2020-08-17 23:46:00,3.1924999999999994
2020-08-17 23:47:00,3.2000000000000006
2020-08-17 23:48:00,3.2291666666666665
2020-08-17 23:49:00,3.2581818181818183
2020-08-17 23:50:00,3.261818181818182
2020-08-17 23:51:00,3.274545454545455
2020-08-17 23:52:00,3.2891666666666666
2020-08-17 23:53:00,3.2883333333333336
2020-08-17 23:54:00,3.2875
2020-08-17 23:55:00,3.2800000000000007
2020-08-17 23:56:00,3.274545454545455
2020-08-17 23:57:00,3.277500000000001
2020-08-17 23:58:00,3.2741666666666673
2020-08-17 23:59:00,3.2616666666666663
2020-08-18 00:00:00,3.2425
2020-08-18 00:01:00,3.2224999999999997
2020-08-18 00:02:00,3.205833333333334
2020-08-18 00:03:00,3.188333333333333
2020-08-18 00:04:00,3.171666666666667
2020-08-18 00:05:00,3.1563636363636363
2020-08-18 00:06:00,3.089166666666667
2020-08-18 00:07:00,3.0941666666666663
2020-08-18 00:08:00,3.0758333333333336
2020-08-18 00:09:00,3.054166666666666
2020-08-18 00:10:00,3.0366666666666657
2020-08-18 00:11:00,3.035
2020-08-18 00:12:00,3.0183333333333326
2020-08-18 00:13:00,2.9916666666666667
2020-08-18 00:14:00,2.9800000000000004
2020-08-18 00:15:00,2.9633333333333334
2020-08-18 00:16:00,2.9775000000000005
2020-08-18 00:17:00,2.964166666666666
2020-08-18 00:18:00,2.9725
2020-08-18 00:19:00,2.965833333333333
2020-08-18 00:20:00,2.955833333333333
2020-08-18 00:21:00,2.955
2020-08-18 00:22:00,2.9599999999999995
2020-08-18 00:23:00,2.970833333333333
2020-08-18 00:24:00,2.983333333333333
2020-08-18 00:25:00,3.0141666666666667
2020-08-18 00:26:00,3.0274999999999994
2020-08-18 00:27:00,3.0208333333333326
2020-08-18 00:28:00,3.0316666666666663
2020-08-18 00:29:00,3.0258333333333334
2020-08-18 00:30:00,3.0075
2020-08-18 00:31:00,2.999166666666666
2020-08-18 00:32:00,2.9874999999999994
2020-08-18 00:33:00,2.984545454545455
2020-08-18 00:34:00,2.991666666666667
2020-08-18 00:35:00,2.984166666666667
2020-08-18 00:36:00,2.9775000000000005
2020-08-18 00:37:00,2.9716666666666662
2020-08-18 00:38:00,2.9691666666666667
2020-08-18 00:39:00,2.967272727272727
2020-08-18 00:40:00,2.950833333333333
2020-08-18 00:41:00,2.950833333333333
2020-08-18 00:42:00,2.958333333333334
2020-08-18 00:43:00,2.9491666666666667
2020-08-18 00:44:00,2.936666666666666
2020-08-18 00:45:00,2.918333333333333
2020-08-18 00:46:00,2.9149999999999996
2020-08-18 00:47:00,2.9058333333333333
2020-08-18 00:48:00,2.9075
2020-08-18 00:49:00,2.909166666666667
2020-08-18 00:50:00,2.9308333333333336
2020-08-18 00:51:00,2.908333333333333
2020-08-18 00:52:00,2.936666666666666
2020-08-18 00:53:00,2.921666666666667
2020-08-18 00:54:00,2.9425000000000003
2020-08-18 00:55:00,2.939166666666667
2020-08-18 00:56:00,2.926666666666667
2020-08-18 00:57:00,2.920833333333334
2020-08-18 00:58:00,2.9258333333333333
2020-08-18 00:59:00,2.9133333333333327
