,ExtCondensTurbineOP.hp_steam_machine_opt_array,ExtCondensTurbineOP.lp_steam_machine_opt_array,ExtCondensTurbineOP.electricity_machine_opt_array
2020-08-17 00:00:00,80.0,21.706554723118575,11.939894938438115
2020-08-17 00:01:00,80.0,21.706554723118575,11.939894938438115
2020-08-17 00:02:00,80.0,21.706554723118575,11.939894938438115
2020-08-17 00:03:00,80.0,21.706554723118575,11.939894938438115
2020-08-17 00:04:00,80.0,21.706554723118575,11.939894938438115
2020-08-17 00:05:00,80.0,21.706554723118575,11.939894938438115
2020-08-17 00:06:00,72.29999999985483,22.475004602434794,9.664830778362546
2020-08-17 00:07:00,72.29999999985483,22.475004602434794,9.664830778362546
2020-08-17 00:08:00,72.29999999985483,22.475004602434794,9.664830778362546
2020-08-17 00:09:00,72.29999999985483,22.475004602434794,9.664830778362546
2020-08-17 00:10:00,72.29999999985483,22.475004602434794,9.664830778362546
2020-08-17 00:11:00,72.29999999985483,22.475004602434794,9.664830778362546
2020-08-17 00:12:00,72.29999999985483,22.475004602434794,9.664830778362546
2020-08-17 00:13:00,72.29999999985483,22.475004602434794,9.664830778362546
2020-08-17 00:14:00,68.04960371758897,21.69833702934183,9.330000764021367
2020-08-17 00:15:00,68.04960371758897,21.69833702934183,9.330000764021367
2020-08-17 00:16:00,68.04960371758897,21.69833702934183,9.330000764021367
2020-08-17 00:17:00,68.04960371758897,21.69833702934183,9.330000764021367
2020-08-17 00:18:00,68.04960371758897,21.69833702934183,9.330000764021367
2020-08-17 00:19:00,68.04960371758897,21.69833702934183,9.330000764021367
2020-08-17 00:20:00,68.04960371758897,21.69833702934183,9.330000764021367
2020-08-17 00:21:00,68.04960371758897,21.69833702934183,9.330000764021367
2020-08-17 00:22:00,69.4466666673535,23.168336008890332,9.279857817112926
2020-08-17 00:23:00,69.4466666673535,23.168336008890332,9.279857817112926
2020-08-17 00:24:00,69.4466666673535,23.168336008890332,9.279857817112926
2020-08-17 00:25:00,69.4466666673535,23.168336008890332,9.279857817112926
2020-08-17 00:26:00,69.4466666673535,23.168336008890332,9.279857817112926
2020-08-17 00:27:00,69.4466666673535,23.168336008890332,9.279857817112926
2020-08-17 00:28:00,69.4466666673535,23.168336008890332,9.279857817112926
2020-08-17 00:29:00,69.4466666673535,23.168336008890332,9.279857817112926
2020-08-17 00:30:00,70.12333333372868,22.364995397557824,9.372372555031394
2020-08-17 00:31:00,70.12333333372868,22.364995397557824,9.372372555031394
2020-08-17 00:32:00,70.12333333372868,22.364995397557824,9.372372555031394
2020-08-17 00:33:00,70.12333333372868,22.364995397557824,9.372372555031394
2020-08-17 00:34:00,70.12333333372868,22.364995397557824,9.372372555031394
2020-08-17 00:35:00,70.12333333372868,22.364995397557824,9.372372555031394
2020-08-17 00:36:00,70.12333333372868,22.364995397557824,9.372372555031394
2020-08-17 00:37:00,70.12333333372868,22.364995397557824,9.372372555031394
2020-08-17 00:38:00,68.56999999993013,22.37833333333506,9.23267833331651
2020-08-17 00:39:00,68.56999999993013,22.37833333333506,9.23267833331651
2020-08-17 00:40:00,68.56999999993013,22.37833333333506,9.23267833331651
2020-08-17 00:41:00,68.56999999993013,22.37833333333506,9.23267833331651
2020-08-17 00:42:00,68.56999999993013,22.37833333333506,9.23267833331651
2020-08-17 00:43:00,68.56999999993013,22.37833333333506,9.23267833331651
2020-08-17 00:44:00,68.56999999993013,22.37833333333506,9.23267833331651
2020-08-17 00:45:00,68.56999999993013,22.37833333333506,9.23267833331651
2020-08-17 00:46:00,72.66333333319771,25.908327979870897,9.368096033186243
2020-08-17 00:47:00,72.66333333319771,25.908327979870897,9.368096033186243
2020-08-17 00:48:00,72.66333333319771,25.908327979870897,9.368096033186243
2020-08-17 00:49:00,72.66333333319771,25.908327979870897,9.368096033186243
2020-08-17 00:50:00,72.66333333319771,25.908327979870897,9.368096033186243
2020-08-17 00:51:00,72.66333333319771,25.908327979870897,9.368096033186243
2020-08-17 00:52:00,72.66333333319771,25.908327979870897,9.368096033186243
2020-08-17 00:53:00,72.66333333319771,25.908327979870897,9.368096033186243
2020-08-17 00:54:00,70.08771186662057,24.043333333334783,9.188333333331276
2020-08-17 00:55:00,70.08771186662057,24.043333333334783,9.188333333331276
2020-08-17 00:56:00,70.08771186662057,24.043333333334783,9.188333333331276
2020-08-17 00:57:00,70.08771186662057,24.043333333334783,9.188333333331276
2020-08-17 00:58:00,70.08771186662057,24.043333333334783,9.188333333331276
2020-08-17 00:59:00,70.08771186662057,24.043333333334783,9.188333333331276
2020-08-17 01:00:00,70.08771186662057,24.043333333334783,9.188333333331276
2020-08-17 01:01:00,70.08771186662057,24.043333333334783,9.188333333331276
2020-08-17 01:02:00,69.39000000019618,23.055004602425157,9.136584111778298
2020-08-17 01:03:00,69.39000000019618,23.055004602425157,9.136584111778298
2020-08-17 01:04:00,69.39000000019618,23.055004602425157,9.136584111778298
2020-08-17 01:05:00,69.39000000019618,23.055004602425157,9.136584111778298
2020-08-17 01:06:00,69.39000000019618,23.055004602425157,9.136584111778298
2020-08-17 01:07:00,69.39000000019618,23.055004602425157,9.136584111778298
2020-08-17 01:08:00,69.39000000019618,23.055004602425157,9.136584111778298
2020-08-17 01:09:00,69.39000000019618,23.055004602425157,9.136584111778298
2020-08-17 01:10:00,70.10057147687915,22.704987094459348,9.251669025979606
2020-08-17 01:11:00,70.10057147687915,22.704987094459348,9.251669025979606
2020-08-17 01:12:00,70.10057147687915,22.704987094459348,9.251669025979606
2020-08-17 01:13:00,70.10057147687915,22.704987094459348,9.251669025979606
2020-08-17 01:14:00,70.10057147687915,22.704987094459348,9.251669025979606
2020-08-17 01:15:00,70.10057147687915,22.704987094459348,9.251669025979606
2020-08-17 01:16:00,70.10057147687915,22.704987094459348,9.251669025979606
2020-08-17 01:17:00,70.10057147687915,22.704987094459348,9.251669025979606
2020-08-17 01:18:00,67.0195624155593,20.090006220799705,9.229998862791055
2020-08-17 01:19:00,67.0195624155593,20.090006220799705,9.229998862791055
2020-08-17 01:20:00,67.0195624155593,20.090006220799705,9.229998862791055
2020-08-17 01:21:00,67.0195624155593,20.090006220799705,9.229998862791055
2020-08-17 01:22:00,67.0195624155593,20.090006220799705,9.229998862791055
2020-08-17 01:23:00,67.0195624155593,20.090006220799705,9.229998862791055
2020-08-17 01:24:00,67.0195624155593,20.090006220799705,9.229998862791055
2020-08-17 01:25:00,67.0195624155593,20.090006220799705,9.229998862791055
2020-08-17 01:26:00,66.86999999986867,19.269995397573048,9.230000888237493
2020-08-17 01:27:00,66.86999999986867,19.269995397573048,9.230000888237493
2020-08-17 01:28:00,66.86999999986867,19.269995397573048,9.230000888237493
2020-08-17 01:29:00,66.86999999986867,19.269995397573048,9.230000888237493
2020-08-17 01:30:00,66.86999999986867,19.269995397573048,9.230000888237493
2020-08-17 01:31:00,66.86999999986867,19.269995397573048,9.230000888237493
2020-08-17 01:32:00,66.86999999986867,19.269995397573048,9.230000888237493
2020-08-17 01:33:00,66.86999999986867,19.269995397573048,9.230000888237493
2020-08-17 01:34:00,70.84999999996901,21.890000000000782,9.639139999992539
2020-08-17 01:35:00,70.84999999996901,21.890000000000782,9.639139999992539
2020-08-17 01:36:00,70.84999999996901,21.890000000000782,9.639139999992539
2020-08-17 01:37:00,70.84999999996901,21.890000000000782,9.639139999992539
2020-08-17 01:38:00,70.84999999996901,21.890000000000782,9.639139999992539
2020-08-17 01:39:00,70.84999999996901,21.890000000000782,9.639139999992539
2020-08-17 01:40:00,70.84999999996901,21.890000000000782,9.639139999992539
2020-08-17 01:41:00,70.84999999996901,21.890000000000782,9.639139999992539
2020-08-17 01:42:00,70.51999999926983,22.479995397591093,9.440000888092689
2020-08-17 01:43:00,70.51999999926983,22.479995397591093,9.440000888092689
2020-08-17 01:44:00,70.51999999926983,22.479995397591093,9.440000888092689
2020-08-17 01:45:00,70.51999999926983,22.479995397591093,9.440000888092689
2020-08-17 01:46:00,70.51999999926983,22.479995397591093,9.440000888092689
2020-08-17 01:47:00,70.51999999926983,22.479995397591093,9.440000888092689
2020-08-17 01:48:00,70.51999999926983,22.479995397591093,9.440000888092689
2020-08-17 01:49:00,70.51999999926983,22.479995397591093,9.440000888092689
2020-08-17 01:50:00,69.32999999994475,20.590000000001805,9.554029999986614
2020-08-17 01:51:00,69.32999999994475,20.590000000001805,9.554029999986614
2020-08-17 01:52:00,69.32999999994475,20.590000000001805,9.554029999986614
2020-08-17 01:53:00,69.32999999994475,20.590000000001805,9.554029999986614
2020-08-17 01:54:00,69.32999999994475,20.590000000001805,9.554029999986614
2020-08-17 01:55:00,69.32999999994475,20.590000000001805,9.554029999986614
2020-08-17 01:56:00,69.32999999994475,20.590000000001805,9.554029999986614
2020-08-17 01:57:00,69.32999999994475,20.590000000001805,9.554029999986614
2020-08-17 01:58:00,68.59084772652307,20.1800062208002,9.659998862845075
2020-08-17 01:59:00,68.59084772652307,20.1800062208002,9.659998862845075
2020-08-17 02:00:00,68.59084772652307,20.1800062208002,9.659998862845075
2020-08-17 02:01:00,68.59084772652307,20.1800062208002,9.659998862845075
2020-08-17 02:02:00,68.59084772652307,20.1800062208002,9.659998862845075
2020-08-17 02:03:00,68.59084772652307,20.1800062208002,9.659998862845075
2020-08-17 02:04:00,68.59084772652307,20.1800062208002,9.659998862845075
2020-08-17 02:05:00,68.59084772652307,20.1800062208002,9.659998862845075
2020-08-17 02:06:00,68.70557936493738,20.780006220791087,9.416665529512612
2020-08-17 02:07:00,68.70557936493738,20.780006220791087,9.416665529512612
2020-08-17 02:08:00,68.70557936493738,20.780006220791087,9.416665529512612
2020-08-17 02:09:00,68.70557936493738,20.780006220791087,9.416665529512612
2020-08-17 02:10:00,68.70557936493738,20.780006220791087,9.416665529512612
2020-08-17 02:11:00,68.70557936493738,20.780006220791087,9.416665529512612
2020-08-17 02:12:00,68.70557936493738,20.780006220791087,9.416665529512612
2020-08-17 02:13:00,68.70557936493738,20.780006220791087,9.416665529512612
2020-08-17 02:14:00,72.30999999982474,23.169995397574077,9.444570888226927
2020-08-17 02:15:00,72.30999999982474,23.169995397574077,9.444570888226927
2020-08-17 02:16:00,72.30999999982474,23.169995397574077,9.444570888226927
2020-08-17 02:17:00,72.30999999982474,23.169995397574077,9.444570888226927
2020-08-17 02:18:00,72.30999999982474,23.169995397574077,9.444570888226927
2020-08-17 02:19:00,72.30999999982474,23.169995397574077,9.444570888226927
2020-08-17 02:20:00,72.30999999982474,23.169995397574077,9.444570888226927
2020-08-17 02:21:00,72.30999999982474,23.169995397574077,9.444570888226927
2020-08-17 02:22:00,72.94000000005242,24.386669334569522,9.516092818440454
2020-08-17 02:23:00,72.94000000005242,24.386669334569522,9.516092818440454
2020-08-17 02:24:00,72.94000000005242,24.386669334569522,9.516092818440454
2020-08-17 02:25:00,72.94000000005242,24.386669334569522,9.516092818440454
2020-08-17 02:26:00,72.94000000005242,24.386669334569522,9.516092818440454
2020-08-17 02:27:00,72.94000000005242,24.386669334569522,9.516092818440454
2020-08-17 02:28:00,72.94000000005242,24.386669334569522,9.516092818440454
2020-08-17 02:29:00,72.94000000005242,24.386669334569522,9.516092818440454
2020-08-17 02:30:00,71.84386299418341,25.898333333338723,9.00333333329291
2020-08-17 02:31:00,71.84386299418341,25.898333333338723,9.00333333329291
2020-08-17 02:32:00,71.84386299418341,25.898333333338723,9.00333333329291
2020-08-17 02:33:00,71.84386299418341,25.898333333338723,9.00333333329291
2020-08-17 02:34:00,71.84386299418341,25.898333333338723,9.00333333329291
2020-08-17 02:35:00,71.84386299418341,25.898333333338723,9.00333333329291
2020-08-17 02:36:00,71.84386299418341,25.898333333338723,9.00333333329291
2020-08-17 02:37:00,71.84386299418341,25.898333333338723,9.00333333329291
2020-08-17 02:38:00,69.12000000018739,23.59833793575879,8.92208077844283
2020-08-17 02:39:00,69.12000000018739,23.59833793575879,8.92208077844283
2020-08-17 02:40:00,69.12000000018739,23.59833793575879,8.92208077844283
2020-08-17 02:41:00,69.12000000018739,23.59833793575879,8.92208077844283
2020-08-17 02:42:00,69.12000000018739,23.59833793575879,8.92208077844283
2020-08-17 02:43:00,69.12000000018739,23.59833793575879,8.92208077844283
2020-08-17 02:44:00,69.12000000018739,23.59833793575879,8.92208077844283
2020-08-17 02:45:00,69.12000000018739,23.59833793575879,8.92208077844283
2020-08-17 02:46:00,68.42482356983821,23.181669543310207,8.851666140623015
2020-08-17 02:47:00,68.42482356983821,23.181669543310207,8.851666140623015
2020-08-17 02:48:00,68.42482356983821,23.181669543310207,8.851666140623015
2020-08-17 02:49:00,68.42482356983821,23.181669543310207,8.851666140623015
2020-08-17 02:50:00,68.42482356983821,23.181669543310207,8.851666140623015
2020-08-17 02:51:00,68.42482356983821,23.181669543310207,8.851666140623015
2020-08-17 02:52:00,68.42482356983821,23.181669543310207,8.851666140623015
2020-08-17 02:53:00,68.42482356983821,23.181669543310207,8.851666140623015
2020-08-17 02:54:00,70.99451976432202,25.016666447819134,9.07666670661764
2020-08-17 02:55:00,70.99451976432202,25.016666447819134,9.07666670661764
2020-08-17 02:56:00,70.99451976432202,25.016666447819134,9.07666670661764
2020-08-17 02:57:00,70.99451976432202,25.016666447819134,9.07666670661764
2020-08-17 02:58:00,70.99451976432202,25.016666447819134,9.07666670661764
2020-08-17 02:59:00,70.99451976432202,25.016666447819134,9.07666670661764
2020-08-17 03:00:00,70.99451976432202,25.016666447819134,9.07666670661764
2020-08-17 03:01:00,70.99451976432202,25.016666447819134,9.07666670661764
2020-08-17 03:02:00,68.53333333376655,23.758333333320472,8.90587833343805
2020-08-17 03:03:00,68.53333333376655,23.758333333320472,8.90587833343805
2020-08-17 03:04:00,68.53333333376655,23.758333333320472,8.90587833343805
2020-08-17 03:05:00,68.53333333376655,23.758333333320472,8.90587833343805
2020-08-17 03:06:00,68.53333333376655,23.758333333320472,8.90587833343805
2020-08-17 03:07:00,68.53333333376655,23.758333333320472,8.90587833343805
2020-08-17 03:08:00,68.53333333376655,23.758333333320472,8.90587833343805
2020-08-17 03:09:00,68.53333333376655,23.758333333320472,8.90587833343805
2020-08-17 03:10:00,71.41601473597933,26.898544822170997,8.970666993678787
2020-08-17 03:11:00,71.41601473597933,26.898544822170997,8.970666993678787
2020-08-17 03:12:00,71.41601473597933,26.898544822170997,8.970666993678787
2020-08-17 03:13:00,71.41601473597933,26.898544822170997,8.970666993678787
2020-08-17 03:14:00,71.41601473597933,26.898544822170997,8.970666993678787
2020-08-17 03:15:00,71.41601473597933,26.898544822170997,8.970666993678787
2020-08-17 03:16:00,71.41601473597933,26.898544822170997,8.970666993678787
2020-08-17 03:17:00,71.41601473597933,26.898544822170997,8.970666993678787
2020-08-17 03:18:00,71.59714716136484,26.580006220797898,8.986665529468178
2020-08-17 03:19:00,71.59714716136484,26.580006220797898,8.986665529468178
2020-08-17 03:20:00,71.59714716136484,26.580006220797898,8.986665529468178
2020-08-17 03:21:00,71.59714716136484,26.580006220797898,8.986665529468178
2020-08-17 03:22:00,71.59714716136484,26.580006220797898,8.986665529468178
2020-08-17 03:23:00,71.59714716136484,26.580006220797898,8.986665529468178
2020-08-17 03:24:00,71.59714716136484,26.580006220797898,8.986665529468178
2020-08-17 03:25:00,71.59714716136484,26.580006220797898,8.986665529468178
2020-08-17 03:26:00,72.86999999948155,26.76078446706276,9.2688552644012
2020-08-17 03:27:00,72.86999999948155,26.76078446706276,9.2688552644012
2020-08-17 03:28:00,72.86999999948155,26.76078446706276,9.2688552644012
2020-08-17 03:29:00,72.86999999948155,26.76078446706276,9.2688552644012
2020-08-17 03:30:00,72.86999999948155,26.76078446706276,9.2688552644012
2020-08-17 03:31:00,72.86999999948155,26.76078446706276,9.2688552644012
2020-08-17 03:32:00,72.86999999948155,26.76078446706276,9.2688552644012
2020-08-17 03:33:00,72.86999999948155,26.76078446706276,9.2688552644012
2020-08-17 03:34:00,71.56333333371686,23.808328730890477,9.348812555028736
2020-08-17 03:35:00,71.56333333371686,23.808328730890477,9.348812555028736
2020-08-17 03:36:00,71.56333333371686,23.808328730890477,9.348812555028736
2020-08-17 03:37:00,71.56333333371686,23.808328730890477,9.348812555028736
2020-08-17 03:38:00,71.56333333371686,23.808328730890477,9.348812555028736
2020-08-17 03:39:00,71.56333333371686,23.808328730890477,9.348812555028736
2020-08-17 03:40:00,71.56333333371686,23.808328730890477,9.348812555028736
2020-08-17 03:41:00,71.56333333371686,23.808328730890477,9.348812555028736
2020-08-17 03:42:00,71.10346342823138,27.09941448262821,8.932993707248693
2020-08-17 03:43:00,71.10346342823138,27.09941448262821,8.932993707248693
2020-08-17 03:44:00,71.10346342823138,27.09941448262821,8.932993707248693
2020-08-17 03:45:00,71.10346342823138,27.09941448262821,8.932993707248693
2020-08-17 03:46:00,71.10346342823138,27.09941448262821,8.932993707248693
2020-08-17 03:47:00,71.10346342823138,27.09941448262821,8.932993707248693
2020-08-17 03:48:00,71.10346342823138,27.09941448262821,8.932993707248693
2020-08-17 03:49:00,71.10346342823138,27.09941448262821,8.932993707248693
2020-08-17 03:50:00,69.44000000024424,23.683336005441756,9.080826151007383
2020-08-17 03:51:00,69.44000000024424,23.683336005441756,9.080826151007383
2020-08-17 03:52:00,69.44000000024424,23.683336005441756,9.080826151007383
2020-08-17 03:53:00,69.44000000024424,23.683336005441756,9.080826151007383
2020-08-17 03:54:00,69.44000000024424,23.683336005441756,9.080826151007383
2020-08-17 03:55:00,69.44000000024424,23.683336005441756,9.080826151007383
2020-08-17 03:56:00,69.44000000024424,23.683336005441756,9.080826151007383
2020-08-17 03:57:00,69.44000000024424,23.683336005441756,9.080826151007383
2020-08-17 03:58:00,69.29333333282334,24.12000460244354,9.031582444941424
2020-08-17 03:59:00,69.29333333282334,24.12000460244354,9.031582444941424
2020-08-17 04:00:00,69.29333333282334,24.12000460244354,9.031582444941424
2020-08-17 04:01:00,69.29333333282334,24.12000460244354,9.031582444941424
2020-08-17 04:02:00,69.29333333282334,24.12000460244354,9.031582444941424
2020-08-17 04:03:00,69.29333333282334,24.12000460244354,9.031582444941424
2020-08-17 04:04:00,69.29333333282334,24.12000460244354,9.031582444941424
2020-08-17 04:05:00,69.29333333282334,24.12000460244354,9.031582444941424
2020-08-17 04:06:00,70.12666666675071,23.46667126909703,9.121295778417492
2020-08-17 04:07:00,70.12666666675071,23.46667126909703,9.121295778417492
2020-08-17 04:08:00,70.12666666675071,23.46667126909703,9.121295778417492
2020-08-17 04:09:00,70.12666666675071,23.46667126909703,9.121295778417492
2020-08-17 04:10:00,70.12666666675071,23.46667126909703,9.121295778417492
2020-08-17 04:11:00,70.12666666675071,23.46667126909703,9.121295778417492
2020-08-17 04:12:00,70.12666666675071,23.46667126909703,9.121295778417492
2020-08-17 04:13:00,70.12666666675071,23.46667126909703,9.121295778417492
2020-08-17 04:14:00,72.4499016772691,26.440012690506418,9.254997679901175
2020-08-17 04:15:00,72.4499016772691,26.440012690506418,9.254997679901175
2020-08-17 04:16:00,72.4499016772691,26.440012690506418,9.254997679901175
2020-08-17 04:17:00,72.4499016772691,26.440012690506418,9.254997679901175
2020-08-17 04:18:00,72.4499016772691,26.440012690506418,9.254997679901175
2020-08-17 04:19:00,72.4499016772691,26.440012690506418,9.254997679901175
2020-08-17 04:20:00,72.4499016772691,26.440012690506418,9.254997679901175
2020-08-17 04:21:00,72.4499016772691,26.440012690506418,9.254997679901175
2020-08-17 04:22:00,71.62999999958839,25.909995397583177,9.200000888169393
2020-08-17 04:23:00,71.62999999958839,25.909995397583177,9.200000888169393
2020-08-17 04:24:00,71.62999999958839,25.909995397583177,9.200000888169393
2020-08-17 04:25:00,71.62999999958839,25.909995397583177,9.200000888169393
2020-08-17 04:26:00,71.62999999958839,25.909995397583177,9.200000888169393
2020-08-17 04:27:00,71.62999999958839,25.909995397583177,9.200000888169393
2020-08-17 04:28:00,71.62999999958839,25.909995397583177,9.200000888169393
2020-08-17 04:29:00,71.62999999958839,25.909995397583177,9.200000888169393
2020-08-17 04:30:00,71.01203389804712,23.93000000000772,9.28499999993763
2020-08-17 04:31:00,71.01203389804712,23.93000000000772,9.28499999993763
2020-08-17 04:32:00,71.01203389804712,23.93000000000772,9.28499999993763
2020-08-17 04:33:00,71.01203389804712,23.93000000000772,9.28499999993763
2020-08-17 04:34:00,71.01203389804712,23.93000000000772,9.28499999993763
2020-08-17 04:35:00,71.01203389804712,23.93000000000772,9.28499999993763
2020-08-17 04:36:00,71.01203389804712,23.93000000000772,9.28499999993763
2020-08-17 04:37:00,71.01203389804712,23.93000000000772,9.28499999993763
2020-08-17 04:38:00,69.27999999986866,22.68999539757305,9.020000888237494
2020-08-17 04:39:00,69.27999999986866,22.68999539757305,9.020000888237494
2020-08-17 04:40:00,69.27999999986866,22.68999539757305,9.020000888237494
2020-08-17 04:41:00,69.27999999986866,22.68999539757305,9.020000888237494
2020-08-17 04:42:00,69.27999999986866,22.68999539757305,9.020000888237494
2020-08-17 04:43:00,69.27999999986866,22.68999539757305,9.020000888237494
2020-08-17 04:44:00,69.27999999986866,22.68999539757305,9.020000888237494
2020-08-17 04:45:00,69.27999999986866,22.68999539757305,9.020000888237494
2020-08-17 04:46:00,68.61071992393278,22.649990387269114,9.030001757305312
2020-08-17 04:47:00,68.61071992393278,22.649990387269114,9.030001757305312
2020-08-17 04:48:00,68.61071992393278,22.649990387269114,9.030001757305312
2020-08-17 04:49:00,68.61071992393278,22.649990387269114,9.030001757305312
2020-08-17 04:50:00,68.61071992393278,22.649990387269114,9.030001757305312
2020-08-17 04:51:00,68.61071992393278,22.649990387269114,9.030001757305312
2020-08-17 04:52:00,68.61071992393278,22.649990387269114,9.030001757305312
2020-08-17 04:53:00,68.61071992393278,22.649990387269114,9.030001757305312
2020-08-17 04:54:00,70.96999999979671,26.61500460243516,8.94289411168209
2020-08-17 04:55:00,70.96999999979671,26.61500460243516,8.94289411168209
2020-08-17 04:56:00,70.96999999979671,26.61500460243516,8.94289411168209
2020-08-17 04:57:00,70.96999999979671,26.61500460243516,8.94289411168209
2020-08-17 04:58:00,70.96999999979671,26.61500460243516,8.94289411168209
2020-08-17 04:59:00,70.96999999979671,26.61500460243516,8.94289411168209
2020-08-17 05:00:00,70.96999999979671,26.61500460243516,8.94289411168209
2020-08-17 05:01:00,70.96999999979671,26.61500460243516,8.94289411168209
2020-08-17 05:02:00,71.13939198142839,26.65499407153757,8.980002651810464
2020-08-17 05:03:00,71.13939198142839,26.65499407153757,8.980002651810464
2020-08-17 05:04:00,71.13939198142839,26.65499407153757,8.980002651810464
2020-08-17 05:05:00,71.13939198142839,26.65499407153757,8.980002651810464
2020-08-17 05:06:00,71.13939198142839,26.65499407153757,8.980002651810464
2020-08-17 05:07:00,71.13939198142839,26.65499407153757,8.980002651810464
2020-08-17 05:08:00,71.13939198142839,26.65499407153757,8.980002651810464
2020-08-17 05:09:00,71.13939198142839,26.65499407153757,8.980002651810464
2020-08-17 05:10:00,71.35712228118845,24.760006368781276,9.059999629185757
2020-08-17 05:11:00,71.35712228118845,24.760006368781276,9.059999629185757
2020-08-17 05:12:00,71.35712228118845,24.760006368781276,9.059999629185757
2020-08-17 05:13:00,71.35712228118845,24.760006368781276,9.059999629185757
2020-08-17 05:14:00,71.35712228118845,24.760006368781276,9.059999629185757
2020-08-17 05:15:00,71.35712228118845,24.760006368781276,9.059999629185757
2020-08-17 05:16:00,71.35712228118845,24.760006368781276,9.059999629185757
2020-08-17 05:17:00,71.35712228118845,24.760006368781276,9.059999629185757
2020-08-17 05:18:00,68.96000000047553,22.015004602415853,9.220444111846017
2020-08-17 05:19:00,68.96000000047553,22.015004602415853,9.220444111846017
2020-08-17 05:20:00,68.96000000047553,22.015004602415853,9.220444111846017
2020-08-17 05:21:00,68.96000000047553,22.015004602415853,9.220444111846017
2020-08-17 05:22:00,68.96000000047553,22.015004602415853,9.220444111846017
2020-08-17 05:23:00,68.96000000047553,22.015004602415853,9.220444111846017
2020-08-17 05:24:00,68.96000000047553,22.015004602415853,9.220444111846017
2020-08-17 05:25:00,68.96000000047553,22.015004602415853,9.220444111846017
2020-08-17 05:26:00,66.93728840410088,20.89667288747075,9.098332196086025
2020-08-17 05:27:00,66.93728840410088,20.89667288747075,9.098332196086025
2020-08-17 05:28:00,66.93728840410088,20.89667288747075,9.098332196086025
2020-08-17 05:29:00,66.93728840410088,20.89667288747075,9.098332196086025
2020-08-17 05:30:00,66.93728840410088,20.89667288747075,9.098332196086025
2020-08-17 05:31:00,66.93728840410088,20.89667288747075,9.098332196086025
2020-08-17 05:32:00,66.93728840410088,20.89667288747075,9.098332196086025
2020-08-17 05:33:00,66.93728840410088,20.89667288747075,9.098332196086025
2020-08-17 05:34:00,70.54666666682563,22.769995397564507,9.360000888307649
2020-08-17 05:35:00,70.54666666682563,22.769995397564507,9.360000888307649
2020-08-17 05:36:00,70.54666666682563,22.769995397564507,9.360000888307649
2020-08-17 05:37:00,70.54666666682563,22.769995397564507,9.360000888307649
2020-08-17 05:38:00,70.54666666682563,22.769995397564507,9.360000888307649
2020-08-17 05:39:00,70.54666666682563,22.769995397564507,9.360000888307649
2020-08-17 05:40:00,70.54666666682563,22.769995397564507,9.360000888307649
2020-08-17 05:41:00,70.54666666682563,22.769995397564507,9.360000888307649
2020-08-17 05:42:00,70.09305764104553,23.014993779197155,9.345001137235146
2020-08-17 05:43:00,70.09305764104553,23.014993779197155,9.345001137235146
2020-08-17 05:44:00,70.09305764104553,23.014993779197155,9.345001137235146
2020-08-17 05:45:00,70.09305764104553,23.014993779197155,9.345001137235146
2020-08-17 05:46:00,70.09305764104553,23.014993779197155,9.345001137235146
2020-08-17 05:47:00,70.09305764104553,23.014993779197155,9.345001137235146
2020-08-17 05:48:00,70.09305764104553,23.014993779197155,9.345001137235146
2020-08-17 05:49:00,70.09305764104553,23.014993779197155,9.345001137235146
2020-08-17 05:50:00,68.26333333382436,20.361662064222642,9.464075888387663
2020-08-17 05:51:00,68.26333333382436,20.361662064222642,9.464075888387663
2020-08-17 05:52:00,68.26333333382436,20.361662064222642,9.464075888387663
2020-08-17 05:53:00,68.26333333382436,20.361662064222642,9.464075888387663
2020-08-17 05:54:00,68.26333333382436,20.361662064222642,9.464075888387663
2020-08-17 05:55:00,68.26333333382436,20.361662064222642,9.464075888387663
2020-08-17 05:56:00,68.26333333382436,20.361662064222642,9.464075888387663
2020-08-17 05:57:00,68.26333333382436,20.361662064222642,9.464075888387663
2020-08-17 05:58:00,69.4633333339698,21.18833333331444,9.485995000153856
2020-08-17 05:59:00,69.4633333339698,21.18833333331444,9.485995000153856
2020-08-17 06:00:00,69.4633333339698,21.18833333331444,9.485995000153856
2020-08-17 06:01:00,69.4633333339698,21.18833333331444,9.485995000153856
2020-08-17 06:02:00,69.4633333339698,21.18833333331444,9.485995000153856
2020-08-17 06:03:00,69.4633333339698,21.18833333331444,9.485995000153856
2020-08-17 06:04:00,69.4633333339698,21.18833333331444,9.485995000153856
2020-08-17 06:05:00,69.4633333339698,21.18833333331444,9.485995000153856
2020-08-17 06:06:00,67.4700000002256,20.431664736303084,9.247698705946828
2020-08-17 06:07:00,67.4700000002256,20.431664736303084,9.247698705946828
2020-08-17 06:08:00,67.4700000002256,20.431664736303084,9.247698705946828
2020-08-17 06:09:00,67.4700000002256,20.431664736303084,9.247698705946828
2020-08-17 06:10:00,67.4700000002256,20.431664736303084,9.247698705946828
2020-08-17 06:11:00,67.4700000002256,20.431664736303084,9.247698705946828
2020-08-17 06:12:00,67.4700000002256,20.431664736303084,9.247698705946828
2020-08-17 06:13:00,67.4700000002256,20.431664736303084,9.247698705946828
2020-08-17 06:14:00,70.3058266601436,23.06665340618256,9.310000984400958
2020-08-17 06:15:00,70.3058266601436,23.06665340618256,9.310000984400958
2020-08-17 06:16:00,70.3058266601436,23.06665340618256,9.310000984400958
2020-08-17 06:17:00,70.3058266601436,23.06665340618256,9.310000984400958
2020-08-17 06:18:00,70.3058266601436,23.06665340618256,9.310000984400958
2020-08-17 06:19:00,70.3058266601436,23.06665340618256,9.310000984400958
2020-08-17 06:20:00,70.3058266601436,23.06665340618256,9.310000984400958
2020-08-17 06:21:00,70.3058266601436,23.06665340618256,9.310000984400958
2020-08-17 06:22:00,68.8143001876351,22.500006992961374,9.180000161307015
2020-08-17 06:23:00,68.8143001876351,22.500006992961374,9.180000161307015
2020-08-17 06:24:00,68.8143001876351,22.500006992961374,9.180000161307015
2020-08-17 06:25:00,68.8143001876351,22.500006992961374,9.180000161307015
2020-08-17 06:26:00,68.8143001876351,22.500006992961374,9.180000161307015
2020-08-17 06:27:00,68.8143001876351,22.500006992961374,9.180000161307015
2020-08-17 06:28:00,68.8143001876351,22.500006992961374,9.180000161307015
2020-08-17 06:29:00,68.8143001876351,22.500006992961374,9.180000161307015
2020-08-17 06:30:00,70.4899999998697,22.4916666666703,9.466644999968546
2020-08-17 06:31:00,70.4899999998697,22.4916666666703,9.466644999968546
2020-08-17 06:32:00,70.4899999998697,22.4916666666703,9.466644999968546
2020-08-17 06:33:00,70.4899999998697,22.4916666666703,9.466644999968546
2020-08-17 06:34:00,70.4899999998697,22.4916666666703,9.466644999968546
2020-08-17 06:35:00,70.4899999998697,22.4916666666703,9.466644999968546
2020-08-17 06:36:00,70.4899999998697,22.4916666666703,9.466644999968546
2020-08-17 06:37:00,70.4899999998697,22.4916666666703,9.466644999968546
2020-08-17 06:38:00,68.03237302985505,21.74000344620259,9.17999936992869
2020-08-17 06:39:00,68.03237302985505,21.74000344620259,9.17999936992869
2020-08-17 06:40:00,68.03237302985505,21.74000344620259,9.17999936992869
2020-08-17 06:41:00,68.03237302985505,21.74000344620259,9.17999936992869
2020-08-17 06:42:00,68.03237302985505,21.74000344620259,9.17999936992869
2020-08-17 06:43:00,68.03237302985505,21.74000344620259,9.17999936992869
2020-08-17 06:44:00,68.03237302985505,21.74000344620259,9.17999936992869
2020-08-17 06:45:00,68.03237302985505,21.74000344620259,9.17999936992869
2020-08-17 06:46:00,68.93755649717511,21.480000000000036,9.356666666666653
2020-08-17 06:47:00,68.93755649717511,21.480000000000036,9.356666666666653
2020-08-17 06:48:00,68.93755649717511,21.480000000000036,9.356666666666653
2020-08-17 06:49:00,68.93755649717511,21.480000000000036,9.356666666666653
2020-08-17 06:50:00,68.93755649717511,21.480000000000036,9.356666666666653
2020-08-17 06:51:00,68.93755649717511,21.480000000000036,9.356666666666653
2020-08-17 06:52:00,68.93755649717511,21.480000000000036,9.356666666666653
2020-08-17 06:53:00,68.93755649717511,21.480000000000036,9.356666666666653
2020-08-17 06:54:00,66.44017186594452,16.799990518955163,9.25500239020468
2020-08-17 06:55:00,66.44017186594452,16.799990518955163,9.25500239020468
2020-08-17 06:56:00,66.44017186594452,16.799990518955163,9.25500239020468
2020-08-17 06:57:00,66.44017186594452,16.799990518955163,9.25500239020468
2020-08-17 06:58:00,66.44017186594452,16.799990518955163,9.25500239020468
2020-08-17 06:59:00,66.44017186594452,16.799990518955163,9.25500239020468
2020-08-17 07:00:00,66.44017186594452,16.799990518955163,9.25500239020468
2020-08-17 07:01:00,66.44017186594452,16.799990518955163,9.25500239020468
2020-08-17 07:02:00,65.96999999965108,18.74999539757967,9.400000888184863
2020-08-17 07:03:00,65.96999999965108,18.74999539757967,9.400000888184863
2020-08-17 07:04:00,65.96999999965108,18.74999539757967,9.400000888184863
2020-08-17 07:05:00,65.96999999965108,18.74999539757967,9.400000888184863
2020-08-17 07:06:00,65.96999999965108,18.74999539757967,9.400000888184863
2020-08-17 07:07:00,65.96999999965108,18.74999539757967,9.400000888184863
2020-08-17 07:08:00,65.96999999965108,18.74999539757967,9.400000888184863
2020-08-17 07:09:00,65.96999999965108,18.74999539757967,9.400000888184863
2020-08-17 07:10:00,68.69305057888684,20.299993779197507,9.455001137232292
2020-08-17 07:11:00,68.69305057888684,20.299993779197507,9.455001137232292
2020-08-17 07:12:00,68.69305057888684,20.299993779197507,9.455001137232292
2020-08-17 07:13:00,68.69305057888684,20.299993779197507,9.455001137232292
2020-08-17 07:14:00,68.69305057888684,20.299993779197507,9.455001137232292
2020-08-17 07:15:00,68.69305057888684,20.299993779197507,9.455001137232292
2020-08-17 07:16:00,68.69305057888684,20.299993779197507,9.455001137232292
2020-08-17 07:17:00,68.69305057888684,20.299993779197507,9.455001137232292
2020-08-17 07:18:00,70.7689890172246,22.659996881466373,9.390002009941998
2020-08-17 07:19:00,70.7689890172246,22.659996881466373,9.390002009941998
2020-08-17 07:20:00,70.7689890172246,22.659996881466373,9.390002009941998
2020-08-17 07:21:00,70.7689890172246,22.659996881466373,9.390002009941998
2020-08-17 07:22:00,70.7689890172246,22.659996881466373,9.390002009941998
2020-08-17 07:23:00,70.7689890172246,22.659996881466373,9.390002009941998
2020-08-17 07:24:00,70.7689890172246,22.659996881466373,9.390002009941998
2020-08-17 07:25:00,70.7689890172246,22.659996881466373,9.390002009941998
2020-08-17 07:26:00,68.9699999999114,21.03000000000231,9.397729999978646
2020-08-17 07:27:00,68.9699999999114,21.03000000000231,9.397729999978646
2020-08-17 07:28:00,68.9699999999114,21.03000000000231,9.397729999978646
2020-08-17 07:29:00,68.9699999999114,21.03000000000231,9.397729999978646
2020-08-17 07:30:00,68.9699999999114,21.03000000000231,9.397729999978646
2020-08-17 07:31:00,68.9699999999114,21.03000000000231,9.397729999978646
2020-08-17 07:32:00,68.9699999999114,21.03000000000231,9.397729999978646
2020-08-17 07:33:00,68.9699999999114,21.03000000000231,9.397729999978646
2020-08-17 07:34:00,68.12016936930922,20.159997161866006,9.36500051891695
2020-08-17 07:35:00,68.12016936930922,20.159997161866006,9.36500051891695
2020-08-17 07:36:00,68.12016936930922,20.159997161866006,9.36500051891695
2020-08-17 07:37:00,68.12016936930922,20.159997161866006,9.36500051891695
2020-08-17 07:38:00,68.12016936930922,20.159997161866006,9.36500051891695
2020-08-17 07:39:00,68.12016936930922,20.159997161866006,9.36500051891695
2020-08-17 07:40:00,68.12016936930922,20.159997161866006,9.36500051891695
2020-08-17 07:41:00,68.12016936930922,20.159997161866006,9.36500051891695
2020-08-17 07:42:00,66.87254278715585,19.630009595015895,9.164998245930784
2020-08-17 07:43:00,66.87254278715585,19.630009595015895,9.164998245930784
2020-08-17 07:44:00,66.87254278715585,19.630009595015895,9.164998245930784
2020-08-17 07:45:00,66.87254278715585,19.630009595015895,9.164998245930784
2020-08-17 07:46:00,66.87254278715585,19.630009595015895,9.164998245930784
2020-08-17 07:47:00,66.87254278715585,19.630009595015895,9.164998245930784
2020-08-17 07:48:00,66.87254278715585,19.630009595015895,9.164998245930784
2020-08-17 07:49:00,66.87254278715585,19.630009595015895,9.164998245930784
2020-08-17 07:50:00,68.38355959017103,21.09000622081555,9.094998862663033
2020-08-17 07:51:00,68.38355959017103,21.09000622081555,9.094998862663033
2020-08-17 07:52:00,68.38355959017103,21.09000622081555,9.094998862663033
2020-08-17 07:53:00,68.38355959017103,21.09000622081555,9.094998862663033
2020-08-17 07:54:00,68.38355959017103,21.09000622081555,9.094998862663033
2020-08-17 07:55:00,68.38355959017103,21.09000622081555,9.094998862663033
2020-08-17 07:56:00,68.38355959017103,21.09000622081555,9.094998862663033
2020-08-17 07:57:00,68.38355959017103,21.09000622081555,9.094998862663033
2020-08-17 07:58:00,69.04424313202136,22.539994047583534,9.28000252797354
2020-08-17 07:59:00,69.04424313202136,22.539994047583534,9.28000252797354
2020-08-17 08:00:00,69.04424313202136,22.539994047583534,9.28000252797354
2020-08-17 08:01:00,69.04424313202136,22.539994047583534,9.28000252797354
2020-08-17 08:02:00,69.04424313202136,22.539994047583534,9.28000252797354
2020-08-17 08:03:00,69.04424313202136,22.539994047583534,9.28000252797354
2020-08-17 08:04:00,69.04424313202136,22.539994047583534,9.28000252797354
2020-08-17 08:05:00,69.04424313202136,22.539994047583534,9.28000252797354
2020-08-17 08:06:00,79.99999999999932,27.249411129825134,10.676373651943589
2020-08-17 08:07:00,79.99999999999932,27.249411129825134,10.676373651943589
2020-08-17 08:08:00,79.99999999999932,27.249411129825134,10.676373651943589
2020-08-17 08:09:00,79.99999999999932,27.249411129825134,10.676373651943589
2020-08-17 08:10:00,79.99999999999932,27.249411129825134,10.676373651943589
2020-08-17 08:11:00,79.99999999999932,27.249411129825134,10.676373651943589
2020-08-17 08:12:00,79.99999999999932,27.249411129825134,10.676373651943589
2020-08-17 08:13:00,79.99999999999932,27.249411129825134,10.676373651943589
2020-08-17 08:14:00,80.00000000000732,19.380000000001015,11.476910000001533
2020-08-17 08:15:00,80.00000000000732,19.380000000001015,11.476910000001533
2020-08-17 08:16:00,80.00000000000732,19.380000000001015,11.476910000001533
2020-08-17 08:17:00,80.00000000000732,19.380000000001015,11.476910000001533
2020-08-17 08:18:00,80.00000000000732,19.380000000001015,11.476910000001533
2020-08-17 08:19:00,80.00000000000732,19.380000000001015,11.476910000001533
2020-08-17 08:20:00,80.00000000000732,19.380000000001015,11.476910000001533
2020-08-17 08:21:00,80.00000000000732,19.380000000001015,11.476910000001533
2020-08-17 08:22:00,80.00000000000459,22.330000000000524,10.959170000000984
2020-08-17 08:23:00,80.00000000000459,22.330000000000524,10.959170000000984
2020-08-17 08:24:00,80.00000000000459,22.330000000000524,10.959170000000984
2020-08-17 08:25:00,80.00000000000459,22.330000000000524,10.959170000000984
2020-08-17 08:26:00,80.00000000000459,22.330000000000524,10.959170000000984
2020-08-17 08:27:00,80.00000000000459,22.330000000000524,10.959170000000984
2020-08-17 08:28:00,80.00000000000459,22.330000000000524,10.959170000000984
2020-08-17 08:29:00,80.00000000000459,22.330000000000524,10.959170000000984
2020-08-17 08:30:00,78.28,18.48,11.62
2020-08-17 08:31:00,78.28,18.48,11.62
2020-08-17 08:32:00,78.28,18.48,11.62
2020-08-17 08:33:00,78.28,18.48,11.62
2020-08-17 08:34:00,78.28,18.48,11.62
2020-08-17 08:35:00,78.28,18.48,11.62
2020-08-17 08:36:00,78.28,18.48,11.62
2020-08-17 08:37:00,78.28,18.48,11.62
2020-08-17 08:38:00,79.44333333333333,19.73333333333333,11.713333333333333
2020-08-17 08:39:00,79.44333333333333,19.73333333333333,11.713333333333333
2020-08-17 08:40:00,79.44333333333333,19.73333333333333,11.713333333333333
2020-08-17 08:41:00,79.44333333333333,19.73333333333333,11.713333333333333
2020-08-17 08:42:00,79.44333333333333,19.73333333333333,11.713333333333333
2020-08-17 08:43:00,79.44333333333333,19.73333333333333,11.713333333333333
2020-08-17 08:44:00,79.44333333333333,19.73333333333333,11.713333333333333
2020-08-17 08:45:00,79.44333333333333,19.73333333333333,11.713333333333333
2020-08-17 08:46:00,78.66666666666667,19.626666666666665,11.526666666666666
2020-08-17 08:47:00,78.66666666666667,19.626666666666665,11.526666666666666
2020-08-17 08:48:00,78.66666666666667,19.626666666666665,11.526666666666666
2020-08-17 08:49:00,78.66666666666667,19.626666666666665,11.526666666666666
2020-08-17 08:50:00,78.66666666666667,19.626666666666665,11.526666666666666
2020-08-17 08:51:00,78.66666666666667,19.626666666666665,11.526666666666666
2020-08-17 08:52:00,78.66666666666667,19.626666666666665,11.526666666666666
2020-08-17 08:53:00,78.66666666666667,19.626666666666665,11.526666666666666
2020-08-17 08:54:00,77.79666666666667,19.05666666666667,11.450000000000001
2020-08-17 08:55:00,77.79666666666667,19.05666666666667,11.450000000000001
2020-08-17 08:56:00,77.79666666666667,19.05666666666667,11.450000000000001
2020-08-17 08:57:00,77.79666666666667,19.05666666666667,11.450000000000001
2020-08-17 08:58:00,77.79666666666667,19.05666666666667,11.450000000000001
2020-08-17 08:59:00,77.79666666666667,19.05666666666667,11.450000000000001
2020-08-17 09:00:00,77.79666666666667,19.05666666666667,11.450000000000001
2020-08-17 09:01:00,77.79666666666667,19.05666666666667,11.450000000000001
2020-08-17 09:02:00,78.33,19.22,11.31
2020-08-17 09:03:00,78.33,19.22,11.31
2020-08-17 09:04:00,78.33,19.22,11.31
2020-08-17 09:05:00,78.33,19.22,11.31
2020-08-17 09:06:00,78.33,19.22,11.31
2020-08-17 09:07:00,78.33,19.22,11.31
2020-08-17 09:08:00,78.33,19.22,11.31
2020-08-17 09:09:00,78.33,19.22,11.31
2020-08-17 09:10:00,76.05,17.66,11.41
2020-08-17 09:11:00,76.05,17.66,11.41
2020-08-17 09:12:00,76.05,17.66,11.41
2020-08-17 09:13:00,76.05,17.66,11.41
2020-08-17 09:14:00,76.05,17.66,11.41
2020-08-17 09:15:00,76.05,17.66,11.41
2020-08-17 09:16:00,76.05,17.66,11.41
2020-08-17 09:17:00,76.05,17.66,11.41
2020-08-17 09:18:00,81.71,18.95,11.97
2020-08-17 09:19:00,81.71,18.95,11.97
2020-08-17 09:20:00,81.71,18.95,11.97
2020-08-17 09:21:00,81.71,18.95,11.97
2020-08-17 09:22:00,81.71,18.95,11.97
2020-08-17 09:23:00,81.71,18.95,11.97
2020-08-17 09:24:00,81.71,18.95,11.97
2020-08-17 09:25:00,81.71,18.95,11.97
2020-08-17 09:26:00,76.06,17.5,11.38
2020-08-17 09:27:00,76.06,17.5,11.38
2020-08-17 09:28:00,76.06,17.5,11.38
2020-08-17 09:29:00,76.06,17.5,11.38
2020-08-17 09:30:00,76.06,17.5,11.38
2020-08-17 09:31:00,76.06,17.5,11.38
2020-08-17 09:32:00,76.06,17.5,11.38
2020-08-17 09:33:00,76.06,17.5,11.38
2020-08-17 09:34:00,79.98,18.95,11.59
2020-08-17 09:35:00,79.98,18.95,11.59
2020-08-17 09:36:00,79.98,18.95,11.59
2020-08-17 09:37:00,79.98,18.95,11.59
2020-08-17 09:38:00,79.98,18.95,11.59
2020-08-17 09:39:00,79.98,18.95,11.59
2020-08-17 09:40:00,79.98,18.95,11.59
2020-08-17 09:41:00,79.98,18.95,11.59
2020-08-17 09:42:00,78.03,18.94,11.39
2020-08-17 09:43:00,78.03,18.94,11.39
2020-08-17 09:44:00,78.03,18.94,11.39
2020-08-17 09:45:00,78.03,18.94,11.39
2020-08-17 09:46:00,78.03,18.94,11.39
2020-08-17 09:47:00,78.03,18.94,11.39
2020-08-17 09:48:00,78.03,18.94,11.39
2020-08-17 09:49:00,78.03,18.94,11.39
2020-08-17 09:50:00,79.0,19.74,11.45
2020-08-17 09:51:00,79.0,19.74,11.45
2020-08-17 09:52:00,79.0,19.74,11.45
2020-08-17 09:53:00,79.0,19.74,11.45
2020-08-17 09:54:00,79.0,19.74,11.45
2020-08-17 09:55:00,79.0,19.74,11.45
2020-08-17 09:56:00,79.0,19.74,11.45
2020-08-17 09:57:00,79.0,19.74,11.45
2020-08-17 09:58:00,76.78,18.64,11.25
2020-08-17 09:59:00,76.78,18.64,11.25
2020-08-17 10:00:00,76.78,18.64,11.25
2020-08-17 10:01:00,76.78,18.64,11.25
2020-08-17 10:02:00,76.78,18.64,11.25
2020-08-17 10:03:00,76.78,18.64,11.25
2020-08-17 10:04:00,76.78,18.64,11.25
2020-08-17 10:05:00,76.78,18.64,11.25
2020-08-17 10:06:00,76.79,18.27,11.27
2020-08-17 10:07:00,76.79,18.27,11.27
2020-08-17 10:08:00,76.79,18.27,11.27
2020-08-17 10:09:00,76.79,18.27,11.27
2020-08-17 10:10:00,76.79,18.27,11.27
2020-08-17 10:11:00,76.79,18.27,11.27
2020-08-17 10:12:00,76.79,18.27,11.27
2020-08-17 10:13:00,76.79,18.27,11.27
2020-08-17 10:14:00,76.33,19.16,11.23
2020-08-17 10:15:00,76.33,19.16,11.23
2020-08-17 10:16:00,76.33,19.16,11.23
2020-08-17 10:17:00,76.33,19.16,11.23
2020-08-17 10:18:00,76.33,19.16,11.23
2020-08-17 10:19:00,76.33,19.16,11.23
2020-08-17 10:20:00,76.33,19.16,11.23
2020-08-17 10:21:00,76.33,19.16,11.23
2020-08-17 10:22:00,71.64666666666666,17.713333333333335,10.903333333333334
2020-08-17 10:23:00,71.64666666666666,17.713333333333335,10.903333333333334
2020-08-17 10:24:00,71.64666666666666,17.713333333333335,10.903333333333334
2020-08-17 10:25:00,71.64666666666666,17.713333333333335,10.903333333333334
2020-08-17 10:26:00,71.64666666666666,17.713333333333335,10.903333333333334
2020-08-17 10:27:00,71.64666666666666,17.713333333333335,10.903333333333334
2020-08-17 10:28:00,71.64666666666666,17.713333333333335,10.903333333333334
2020-08-17 10:29:00,71.64666666666666,17.713333333333335,10.903333333333334
2020-08-17 10:30:00,79.13666666666667,19.873333333333335,11.46
2020-08-17 10:31:00,79.13666666666667,19.873333333333335,11.46
2020-08-17 10:32:00,79.13666666666667,19.873333333333335,11.46
2020-08-17 10:33:00,79.13666666666667,19.873333333333335,11.46
2020-08-17 10:34:00,79.13666666666667,19.873333333333335,11.46
2020-08-17 10:35:00,79.13666666666667,19.873333333333335,11.46
2020-08-17 10:36:00,79.13666666666667,19.873333333333335,11.46
2020-08-17 10:37:00,79.13666666666667,19.873333333333335,11.46
2020-08-17 10:38:00,78.00333333333333,20.276666666666667,11.299999999999999
2020-08-17 10:39:00,78.00333333333333,20.276666666666667,11.299999999999999
2020-08-17 10:40:00,78.00333333333333,20.276666666666667,11.299999999999999
2020-08-17 10:41:00,78.00333333333333,20.276666666666667,11.299999999999999
2020-08-17 10:42:00,78.00333333333333,20.276666666666667,11.299999999999999
2020-08-17 10:43:00,78.00333333333333,20.276666666666667,11.299999999999999
2020-08-17 10:44:00,78.00333333333333,20.276666666666667,11.299999999999999
2020-08-17 10:45:00,78.00333333333333,20.276666666666667,11.299999999999999
2020-08-17 10:46:00,80.99666666666666,20.663333333333334,11.483333333333334
2020-08-17 10:47:00,80.99666666666666,20.663333333333334,11.483333333333334
2020-08-17 10:48:00,80.99666666666666,20.663333333333334,11.483333333333334
2020-08-17 10:49:00,80.99666666666666,20.663333333333334,11.483333333333334
2020-08-17 10:50:00,80.99666666666666,20.663333333333334,11.483333333333334
2020-08-17 10:51:00,80.99666666666666,20.663333333333334,11.483333333333334
2020-08-17 10:52:00,80.99666666666666,20.663333333333334,11.483333333333334
2020-08-17 10:53:00,80.99666666666666,20.663333333333334,11.483333333333334
2020-08-17 10:54:00,77.25,19.376666666666665,11.006666666666666
2020-08-17 10:55:00,77.25,19.376666666666665,11.006666666666666
2020-08-17 10:56:00,77.25,19.376666666666665,11.006666666666666
2020-08-17 10:57:00,77.25,19.376666666666665,11.006666666666666
2020-08-17 10:58:00,77.25,19.376666666666665,11.006666666666666
2020-08-17 10:59:00,77.25,19.376666666666665,11.006666666666666
2020-08-17 11:00:00,77.25,19.376666666666665,11.006666666666666
2020-08-17 11:01:00,77.25,19.376666666666665,11.006666666666666
2020-08-17 11:02:00,79.56,19.013333333333335,11.593333333333334
2020-08-17 11:03:00,79.56,19.013333333333335,11.593333333333334
2020-08-17 11:04:00,79.56,19.013333333333335,11.593333333333334
2020-08-17 11:05:00,79.56,19.013333333333335,11.593333333333334
2020-08-17 11:06:00,79.56,19.013333333333335,11.593333333333334
2020-08-17 11:07:00,79.56,19.013333333333335,11.593333333333334
2020-08-17 11:08:00,79.56,19.013333333333335,11.593333333333334
2020-08-17 11:09:00,79.56,19.013333333333335,11.593333333333334
2020-08-17 11:10:00,79.99999999992478,26.340000000011905,10.072963333313286
2020-08-17 11:11:00,79.99999999992478,26.340000000011905,10.072963333313286
2020-08-17 11:12:00,79.99999999992478,26.340000000011905,10.072963333313286
2020-08-17 11:13:00,79.99999999992478,26.340000000011905,10.072963333313286
2020-08-17 11:14:00,79.99999999992478,26.340000000011905,10.072963333313286
2020-08-17 11:15:00,79.99999999992478,26.340000000011905,10.072963333313286
2020-08-17 11:16:00,79.99999999992478,26.340000000011905,10.072963333313286
2020-08-17 11:17:00,79.99999999992478,26.340000000011905,10.072963333313286
2020-08-17 11:18:00,79.99999999992464,23.870000000008826,10.652366666647183
2020-08-17 11:19:00,79.99999999992464,23.870000000008826,10.652366666647183
2020-08-17 11:20:00,79.99999999992464,23.870000000008826,10.652366666647183
2020-08-17 11:21:00,79.99999999992464,23.870000000008826,10.652366666647183
2020-08-17 11:22:00,79.99999999992464,23.870000000008826,10.652366666647183
2020-08-17 11:23:00,79.99999999992464,23.870000000008826,10.652366666647183
2020-08-17 11:24:00,79.99999999992464,23.870000000008826,10.652366666647183
2020-08-17 11:25:00,79.99999999992464,23.870000000008826,10.652366666647183
2020-08-17 11:26:00,79.99999999995599,20.670000000002656,11.125169999989104
2020-08-17 11:27:00,79.99999999995599,20.670000000002656,11.125169999989104
2020-08-17 11:28:00,79.99999999995599,20.670000000002656,11.125169999989104
2020-08-17 11:29:00,79.99999999995599,20.670000000002656,11.125169999989104
2020-08-17 11:30:00,79.99999999995599,20.670000000002656,11.125169999989104
2020-08-17 11:31:00,79.99999999995599,20.670000000002656,11.125169999989104
2020-08-17 11:32:00,79.99999999995599,20.670000000002656,11.125169999989104
2020-08-17 11:33:00,79.99999999995599,20.670000000002656,11.125169999989104
2020-08-17 11:34:00,81.93,18.78,12.09
2020-08-17 11:35:00,81.93,18.78,12.09
2020-08-17 11:36:00,81.93,18.78,12.09
2020-08-17 11:37:00,81.93,18.78,12.09
2020-08-17 11:38:00,81.93,18.78,12.09
2020-08-17 11:39:00,81.93,18.78,12.09
2020-08-17 11:40:00,81.93,18.78,12.09
2020-08-17 11:41:00,81.93,18.78,12.09
2020-08-17 11:42:00,80.00000000006965,17.619488247715026,11.831082101540769
2020-08-17 11:43:00,80.00000000006965,17.619488247715026,11.831082101540769
2020-08-17 11:44:00,80.00000000006965,17.619488247715026,11.831082101540769
2020-08-17 11:45:00,80.00000000006965,17.619488247715026,11.831082101540769
2020-08-17 11:46:00,80.00000000006965,17.619488247715026,11.831082101540769
2020-08-17 11:47:00,80.00000000006965,17.619488247715026,11.831082101540769
2020-08-17 11:48:00,80.00000000006965,17.619488247715026,11.831082101540769
2020-08-17 11:49:00,80.00000000006965,17.619488247715026,11.831082101540769
2020-08-17 11:50:00,79.99999999999798,14.483094772807755,12.446542708847625
2020-08-17 11:51:00,79.99999999999798,14.483094772807755,12.446542708847625
2020-08-17 11:52:00,79.99999999999798,14.483094772807755,12.446542708847625
2020-08-17 11:53:00,79.99999999999798,14.483094772807755,12.446542708847625
2020-08-17 11:54:00,79.99999999999798,14.483094772807755,12.446542708847625
2020-08-17 11:55:00,79.99999999999798,14.483094772807755,12.446542708847625
2020-08-17 11:56:00,79.99999999999798,14.483094772807755,12.446542708847625
2020-08-17 11:57:00,79.99999999999798,14.483094772807755,12.446542708847625
2020-08-17 11:58:00,80.04,15.98,11.97
2020-08-17 11:59:00,80.04,15.98,11.97
2020-08-17 12:00:00,80.04,15.98,11.97
2020-08-17 12:01:00,80.04,15.98,11.97
2020-08-17 12:02:00,80.04,15.98,11.97
2020-08-17 12:03:00,80.04,15.98,11.97
2020-08-17 12:04:00,80.04,15.98,11.97
2020-08-17 12:05:00,80.04,15.98,11.97
2020-08-17 12:06:00,81.76333333333334,17.80333333333333,12.173333333333334
2020-08-17 12:07:00,81.76333333333334,17.80333333333333,12.173333333333334
2020-08-17 12:08:00,81.76333333333334,17.80333333333333,12.173333333333334
2020-08-17 12:09:00,81.76333333333334,17.80333333333333,12.173333333333334
2020-08-17 12:10:00,81.76333333333334,17.80333333333333,12.173333333333334
2020-08-17 12:11:00,81.76333333333334,17.80333333333333,12.173333333333334
2020-08-17 12:12:00,81.76333333333334,17.80333333333333,12.173333333333334
2020-08-17 12:13:00,81.76333333333334,17.80333333333333,12.173333333333334
2020-08-17 12:14:00,81.29666666666667,18.356666666666666,12.053333333333335
2020-08-17 12:15:00,81.29666666666667,18.356666666666666,12.053333333333335
2020-08-17 12:16:00,81.29666666666667,18.356666666666666,12.053333333333335
2020-08-17 12:17:00,81.29666666666667,18.356666666666666,12.053333333333335
2020-08-17 12:18:00,81.29666666666667,18.356666666666666,12.053333333333335
2020-08-17 12:19:00,81.29666666666667,18.356666666666666,12.053333333333335
2020-08-17 12:20:00,81.29666666666667,18.356666666666666,12.053333333333335
2020-08-17 12:21:00,81.29666666666667,18.356666666666666,12.053333333333335
2020-08-17 12:22:00,79.43333333333334,16.203333333333333,11.780000000000001
2020-08-17 12:23:00,79.43333333333334,16.203333333333333,11.780000000000001
2020-08-17 12:24:00,79.43333333333334,16.203333333333333,11.780000000000001
2020-08-17 12:25:00,79.43333333333334,16.203333333333333,11.780000000000001
2020-08-17 12:26:00,79.43333333333334,16.203333333333333,11.780000000000001
2020-08-17 12:27:00,79.43333333333334,16.203333333333333,11.780000000000001
2020-08-17 12:28:00,79.43333333333334,16.203333333333333,11.780000000000001
2020-08-17 12:29:00,79.43333333333334,16.203333333333333,11.780000000000001
2020-08-17 12:30:00,80.02666666666666,17.773333333333337,11.923333333333332
2020-08-17 12:31:00,80.02666666666666,17.773333333333337,11.923333333333332
2020-08-17 12:32:00,80.02666666666666,17.773333333333337,11.923333333333332
2020-08-17 12:33:00,80.02666666666666,17.773333333333337,11.923333333333332
2020-08-17 12:34:00,80.02666666666666,17.773333333333337,11.923333333333332
2020-08-17 12:35:00,80.02666666666666,17.773333333333337,11.923333333333332
2020-08-17 12:36:00,80.02666666666666,17.773333333333337,11.923333333333332
2020-08-17 12:37:00,80.02666666666666,17.773333333333337,11.923333333333332
2020-08-17 12:38:00,80.18,18.069999999999997,11.906666666666666
2020-08-17 12:39:00,80.18,18.069999999999997,11.906666666666666
2020-08-17 12:40:00,80.18,18.069999999999997,11.906666666666666
2020-08-17 12:41:00,80.18,18.069999999999997,11.906666666666666
2020-08-17 12:42:00,80.18,18.069999999999997,11.906666666666666
2020-08-17 12:43:00,80.18,18.069999999999997,11.906666666666666
2020-08-17 12:44:00,80.18,18.069999999999997,11.906666666666666
2020-08-17 12:45:00,80.18,18.069999999999997,11.906666666666666
2020-08-17 12:46:00,79.99999999998806,22.5399999999999,11.093499999997201
2020-08-17 12:47:00,79.99999999998806,22.5399999999999,11.093499999997201
2020-08-17 12:48:00,79.99999999998806,22.5399999999999,11.093499999997201
2020-08-17 12:49:00,79.99999999998806,22.5399999999999,11.093499999997201
2020-08-17 12:50:00,79.99999999998806,22.5399999999999,11.093499999997201
2020-08-17 12:51:00,79.99999999998806,22.5399999999999,11.093499999997201
2020-08-17 12:52:00,79.99999999998806,22.5399999999999,11.093499999997201
2020-08-17 12:53:00,79.99999999998806,22.5399999999999,11.093499999997201
2020-08-17 12:54:00,79.6,18.37,11.6
2020-08-17 12:55:00,79.6,18.37,11.6
2020-08-17 12:56:00,79.6,18.37,11.6
2020-08-17 12:57:00,79.6,18.37,11.6
2020-08-17 12:58:00,79.6,18.37,11.6
2020-08-17 12:59:00,79.6,18.37,11.6
2020-08-17 13:00:00,79.6,18.37,11.6
2020-08-17 13:01:00,79.6,18.37,11.6
2020-08-17 13:02:00,77.89,17.71,11.41
2020-08-17 13:03:00,77.89,17.71,11.41
2020-08-17 13:04:00,77.89,17.71,11.41
2020-08-17 13:05:00,77.89,17.71,11.41
2020-08-17 13:06:00,77.89,17.71,11.41
2020-08-17 13:07:00,77.89,17.71,11.41
2020-08-17 13:08:00,77.89,17.71,11.41
2020-08-17 13:09:00,77.89,17.71,11.41
2020-08-17 13:10:00,80.00000000000189,22.20999999999993,10.848280000000457
2020-08-17 13:11:00,80.00000000000189,22.20999999999993,10.848280000000457
2020-08-17 13:12:00,80.00000000000189,22.20999999999993,10.848280000000457
2020-08-17 13:13:00,80.00000000000189,22.20999999999993,10.848280000000457
2020-08-17 13:14:00,80.00000000000189,22.20999999999993,10.848280000000457
2020-08-17 13:15:00,80.00000000000189,22.20999999999993,10.848280000000457
2020-08-17 13:16:00,80.00000000000189,22.20999999999993,10.848280000000457
2020-08-17 13:17:00,80.00000000000189,22.20999999999993,10.848280000000457
2020-08-17 13:18:00,81.05,18.91,11.83
2020-08-17 13:19:00,81.05,18.91,11.83
2020-08-17 13:20:00,81.05,18.91,11.83
2020-08-17 13:21:00,81.05,18.91,11.83
2020-08-17 13:22:00,81.05,18.91,11.83
2020-08-17 13:23:00,81.05,18.91,11.83
2020-08-17 13:24:00,81.05,18.91,11.83
2020-08-17 13:25:00,81.05,18.91,11.83
2020-08-17 13:26:00,78.47,17.61,11.41
2020-08-17 13:27:00,78.47,17.61,11.41
2020-08-17 13:28:00,78.47,17.61,11.41
2020-08-17 13:29:00,78.47,17.61,11.41
2020-08-17 13:30:00,78.47,17.61,11.41
2020-08-17 13:31:00,78.47,17.61,11.41
2020-08-17 13:32:00,78.47,17.61,11.41
2020-08-17 13:33:00,78.47,17.61,11.41
2020-08-17 13:34:00,77.72,17.55,11.32
2020-08-17 13:35:00,77.72,17.55,11.32
2020-08-17 13:36:00,77.72,17.55,11.32
2020-08-17 13:37:00,77.72,17.55,11.32
2020-08-17 13:38:00,77.72,17.55,11.32
2020-08-17 13:39:00,77.72,17.55,11.32
2020-08-17 13:40:00,77.72,17.55,11.32
2020-08-17 13:41:00,77.72,17.55,11.32
2020-08-17 13:42:00,80.16,18.79,11.6
2020-08-17 13:43:00,80.16,18.79,11.6
2020-08-17 13:44:00,80.16,18.79,11.6
2020-08-17 13:45:00,80.16,18.79,11.6
2020-08-17 13:46:00,80.16,18.79,11.6
2020-08-17 13:47:00,80.16,18.79,11.6
2020-08-17 13:48:00,80.16,18.79,11.6
2020-08-17 13:49:00,80.16,18.79,11.6
2020-08-17 13:50:00,80.17,19.08,11.59
2020-08-17 13:51:00,80.17,19.08,11.59
2020-08-17 13:52:00,80.17,19.08,11.59
2020-08-17 13:53:00,80.17,19.08,11.59
2020-08-17 13:54:00,80.17,19.08,11.59
2020-08-17 13:55:00,80.17,19.08,11.59
2020-08-17 13:56:00,80.17,19.08,11.59
2020-08-17 13:57:00,80.17,19.08,11.59
2020-08-17 13:58:00,80.88,20.37,11.64
2020-08-17 13:59:00,80.88,20.37,11.64
2020-08-17 14:00:00,80.88,20.37,11.64
2020-08-17 14:01:00,80.88,20.37,11.64
2020-08-17 14:02:00,80.88,20.37,11.64
2020-08-17 14:03:00,80.88,20.37,11.64
2020-08-17 14:04:00,80.88,20.37,11.64
2020-08-17 14:05:00,80.88,20.37,11.64
2020-08-17 14:06:00,79.85,19.45,11.37
2020-08-17 14:07:00,79.85,19.45,11.37
2020-08-17 14:08:00,79.85,19.45,11.37
2020-08-17 14:09:00,79.85,19.45,11.37
2020-08-17 14:10:00,79.85,19.45,11.37
2020-08-17 14:11:00,79.85,19.45,11.37
2020-08-17 14:12:00,79.85,19.45,11.37
2020-08-17 14:13:00,79.85,19.45,11.37
2020-08-17 14:14:00,80.73,21.11,11.4
2020-08-17 14:15:00,80.73,21.11,11.4
2020-08-17 14:16:00,80.73,21.11,11.4
2020-08-17 14:17:00,80.73,21.11,11.4
2020-08-17 14:18:00,80.73,21.11,11.4
2020-08-17 14:19:00,80.73,21.11,11.4
2020-08-17 14:20:00,80.73,21.11,11.4
2020-08-17 14:21:00,80.73,21.11,11.4
2020-08-17 14:22:00,80.00000000000415,29.974999999999113,9.421395000001151
2020-08-17 14:23:00,80.00000000000415,29.974999999999113,9.421395000001151
2020-08-17 14:24:00,80.00000000000415,29.974999999999113,9.421395000001151
2020-08-17 14:25:00,80.00000000000415,29.974999999999113,9.421395000001151
2020-08-17 14:26:00,80.00000000000415,29.974999999999113,9.421395000001151
2020-08-17 14:27:00,80.00000000000415,29.974999999999113,9.421395000001151
2020-08-17 14:28:00,80.00000000000415,29.974999999999113,9.421395000001151
2020-08-17 14:29:00,80.00000000000415,29.974999999999113,9.421395000001151
2020-08-17 14:30:00,79.99999999999237,30.46000000000169,9.485569999997871
2020-08-17 14:31:00,79.99999999999237,30.46000000000169,9.485569999997871
2020-08-17 14:32:00,79.99999999999237,30.46000000000169,9.485569999997871
2020-08-17 14:33:00,79.99999999999237,30.46000000000169,9.485569999997871
2020-08-17 14:34:00,79.99999999999237,30.46000000000169,9.485569999997871
2020-08-17 14:35:00,79.99999999999237,30.46000000000169,9.485569999997871
2020-08-17 14:36:00,79.99999999999237,30.46000000000169,9.485569999997871
2020-08-17 14:37:00,79.99999999999237,30.46000000000169,9.485569999997871
2020-08-17 14:38:00,79.99999999999841,28.840000000000202,9.657519999999584
2020-08-17 14:39:00,79.99999999999841,28.840000000000202,9.657519999999584
2020-08-17 14:40:00,79.99999999999841,28.840000000000202,9.657519999999584
2020-08-17 14:41:00,79.99999999999841,28.840000000000202,9.657519999999584
2020-08-17 14:42:00,79.99999999999841,28.840000000000202,9.657519999999584
2020-08-17 14:43:00,79.99999999999841,28.840000000000202,9.657519999999584
2020-08-17 14:44:00,79.99999999999841,28.840000000000202,9.657519999999584
2020-08-17 14:45:00,79.99999999999841,28.840000000000202,9.657519999999584
2020-08-17 14:46:00,80.00000000000509,28.804999999999374,9.669868333334652
2020-08-17 14:47:00,80.00000000000509,28.804999999999374,9.669868333334652
2020-08-17 14:48:00,80.00000000000509,28.804999999999374,9.669868333334652
2020-08-17 14:49:00,80.00000000000509,28.804999999999374,9.669868333334652
2020-08-17 14:50:00,80.00000000000509,28.804999999999374,9.669868333334652
2020-08-17 14:51:00,80.00000000000509,28.804999999999374,9.669868333334652
2020-08-17 14:52:00,80.00000000000509,28.804999999999374,9.669868333334652
2020-08-17 14:53:00,80.00000000000509,28.804999999999374,9.669868333334652
2020-08-17 14:54:00,80.00000000000227,27.929999999999886,9.50530000000056
2020-08-17 14:55:00,80.00000000000227,27.929999999999886,9.50530000000056
2020-08-17 14:56:00,80.00000000000227,27.929999999999886,9.50530000000056
2020-08-17 14:57:00,80.00000000000227,27.929999999999886,9.50530000000056
2020-08-17 14:58:00,80.00000000000227,27.929999999999886,9.50530000000056
2020-08-17 14:59:00,80.00000000000227,27.929999999999886,9.50530000000056
2020-08-17 15:00:00,80.00000000000227,27.929999999999886,9.50530000000056
2020-08-17 15:01:00,80.00000000000227,27.929999999999886,9.50530000000056
2020-08-17 15:02:00,79.99999999998897,28.55000000000105,9.618596666663862
2020-08-17 15:03:00,79.99999999998897,28.55000000000105,9.618596666663862
2020-08-17 15:04:00,79.99999999998897,28.55000000000105,9.618596666663862
2020-08-17 15:05:00,79.99999999998897,28.55000000000105,9.618596666663862
2020-08-17 15:06:00,79.99999999998897,28.55000000000105,9.618596666663862
2020-08-17 15:07:00,79.99999999998897,28.55000000000105,9.618596666663862
2020-08-17 15:08:00,79.99999999998897,28.55000000000105,9.618596666663862
2020-08-17 15:09:00,79.99999999998897,28.55000000000105,9.618596666663862
2020-08-17 15:10:00,79.99999999998559,26.25000000000024,9.809849999996556
2020-08-17 15:11:00,79.99999999998559,26.25000000000024,9.809849999996556
2020-08-17 15:12:00,79.99999999998559,26.25000000000024,9.809849999996556
2020-08-17 15:13:00,79.99999999998559,26.25000000000024,9.809849999996556
2020-08-17 15:14:00,79.99999999998559,26.25000000000024,9.809849999996556
2020-08-17 15:15:00,79.99999999998559,26.25000000000024,9.809849999996556
2020-08-17 15:16:00,79.99999999998559,26.25000000000024,9.809849999996556
2020-08-17 15:17:00,79.99999999998559,26.25000000000024,9.809849999996556
2020-08-17 15:18:00,80.00000000000728,24.894999999999488,10.56647000000181
2020-08-17 15:19:00,80.00000000000728,24.894999999999488,10.56647000000181
2020-08-17 15:20:00,80.00000000000728,24.894999999999488,10.56647000000181
2020-08-17 15:21:00,80.00000000000728,24.894999999999488,10.56647000000181
2020-08-17 15:22:00,80.00000000000728,24.894999999999488,10.56647000000181
2020-08-17 15:23:00,80.00000000000728,24.894999999999488,10.56647000000181
2020-08-17 15:24:00,80.00000000000728,24.894999999999488,10.56647000000181
2020-08-17 15:25:00,80.00000000000728,24.894999999999488,10.56647000000181
2020-08-17 15:26:00,80.67,20.02,12.15
2020-08-17 15:27:00,80.67,20.02,12.15
2020-08-17 15:28:00,80.67,20.02,12.15
2020-08-17 15:29:00,80.67,20.02,12.15
2020-08-17 15:30:00,80.67,20.02,12.15
2020-08-17 15:31:00,80.67,20.02,12.15
2020-08-17 15:32:00,80.67,20.02,12.15
2020-08-17 15:33:00,80.67,20.02,12.15
2020-08-17 15:34:00,79.99999999999318,26.040000000000433,10.692089999998306
2020-08-17 15:35:00,79.99999999999318,26.040000000000433,10.692089999998306
2020-08-17 15:36:00,79.99999999999318,26.040000000000433,10.692089999998306
2020-08-17 15:37:00,79.99999999999318,26.040000000000433,10.692089999998306
2020-08-17 15:38:00,79.99999999999318,26.040000000000433,10.692089999998306
2020-08-17 15:39:00,79.99999999999318,26.040000000000433,10.692089999998306
2020-08-17 15:40:00,79.99999999999318,26.040000000000433,10.692089999998306
2020-08-17 15:41:00,79.99999999999318,26.040000000000433,10.692089999998306
2020-08-17 15:42:00,83.92,21.46,12.41
2020-08-17 15:43:00,83.92,21.46,12.41
2020-08-17 15:44:00,83.92,21.46,12.41
2020-08-17 15:45:00,83.92,21.46,12.41
2020-08-17 15:46:00,83.92,21.46,12.41
2020-08-17 15:47:00,83.92,21.46,12.41
2020-08-17 15:48:00,83.92,21.46,12.41
2020-08-17 15:49:00,83.92,21.46,12.41
2020-08-17 15:50:00,81.88,21.11,12.11
2020-08-17 15:51:00,81.88,21.11,12.11
2020-08-17 15:52:00,81.88,21.11,12.11
2020-08-17 15:53:00,81.88,21.11,12.11
2020-08-17 15:54:00,81.88,21.11,12.11
2020-08-17 15:55:00,81.88,21.11,12.11
2020-08-17 15:56:00,81.88,21.11,12.11
2020-08-17 15:57:00,81.88,21.11,12.11
2020-08-17 15:58:00,84.86,27.07,11.92
2020-08-17 15:59:00,84.86,27.07,11.92
2020-08-17 16:00:00,84.86,27.07,11.92
2020-08-17 16:01:00,84.86,27.07,11.92
2020-08-17 16:02:00,84.86,27.07,11.92
2020-08-17 16:03:00,84.86,27.07,11.92
2020-08-17 16:04:00,84.86,27.07,11.92
2020-08-17 16:05:00,84.86,27.07,11.92
2020-08-17 16:06:00,80.00000000000445,27.635000000000417,10.57439500000097
2020-08-17 16:07:00,80.00000000000445,27.635000000000417,10.57439500000097
2020-08-17 16:08:00,80.00000000000445,27.635000000000417,10.57439500000097
2020-08-17 16:09:00,80.00000000000445,27.635000000000417,10.57439500000097
2020-08-17 16:10:00,80.00000000000445,27.635000000000417,10.57439500000097
2020-08-17 16:11:00,80.00000000000445,27.635000000000417,10.57439500000097
2020-08-17 16:12:00,80.00000000000445,27.635000000000417,10.57439500000097
2020-08-17 16:13:00,80.00000000000445,27.635000000000417,10.57439500000097
2020-08-17 16:14:00,83.86,25.42,11.88
2020-08-17 16:15:00,83.86,25.42,11.88
2020-08-17 16:16:00,83.86,25.42,11.88
2020-08-17 16:17:00,83.86,25.42,11.88
2020-08-17 16:18:00,83.86,25.42,11.88
2020-08-17 16:19:00,83.86,25.42,11.88
2020-08-17 16:20:00,83.86,25.42,11.88
2020-08-17 16:21:00,83.86,25.42,11.88
2020-08-17 16:22:00,83.55,24.88,12.01
2020-08-17 16:23:00,83.55,24.88,12.01
2020-08-17 16:24:00,83.55,24.88,12.01
2020-08-17 16:25:00,83.55,24.88,12.01
2020-08-17 16:26:00,83.55,24.88,12.01
2020-08-17 16:27:00,83.55,24.88,12.01
2020-08-17 16:28:00,83.55,24.88,12.01
2020-08-17 16:29:00,83.55,24.88,12.01
2020-08-17 16:30:00,79.99999999999234,26.059999999999235,10.85859999999834
2020-08-17 16:31:00,79.99999999999234,26.059999999999235,10.85859999999834
2020-08-17 16:32:00,79.99999999999234,26.059999999999235,10.85859999999834
2020-08-17 16:33:00,79.99999999999234,26.059999999999235,10.85859999999834
2020-08-17 16:34:00,79.99999999999234,26.059999999999235,10.85859999999834
2020-08-17 16:35:00,79.99999999999234,26.059999999999235,10.85859999999834
2020-08-17 16:36:00,79.99999999999234,26.059999999999235,10.85859999999834
2020-08-17 16:37:00,79.99999999999234,26.059999999999235,10.85859999999834
2020-08-17 16:38:00,80.00000000000163,24.615000000000247,11.149890000000337
2020-08-17 16:39:00,80.00000000000163,24.615000000000247,11.149890000000337
2020-08-17 16:40:00,80.00000000000163,24.615000000000247,11.149890000000337
2020-08-17 16:41:00,80.00000000000163,24.615000000000247,11.149890000000337
2020-08-17 16:42:00,80.00000000000163,24.615000000000247,11.149890000000337
2020-08-17 16:43:00,80.00000000000163,24.615000000000247,11.149890000000337
2020-08-17 16:44:00,80.00000000000163,24.615000000000247,11.149890000000337
2020-08-17 16:45:00,80.00000000000163,24.615000000000247,11.149890000000337
2020-08-17 16:46:00,79.9999999999989,22.914051601881358,11.52911804083664
2020-08-17 16:47:00,79.9999999999989,22.914051601881358,11.52911804083664
2020-08-17 16:48:00,79.9999999999989,22.914051601881358,11.52911804083664
2020-08-17 16:49:00,79.9999999999989,22.914051601881358,11.52911804083664
2020-08-17 16:50:00,79.9999999999989,22.914051601881358,11.52911804083664
2020-08-17 16:51:00,79.9999999999989,22.914051601881358,11.52911804083664
2020-08-17 16:52:00,79.9999999999989,22.914051601881358,11.52911804083664
2020-08-17 16:53:00,79.9999999999989,22.914051601881358,11.52911804083664
2020-08-17 16:54:00,79.99999999999257,22.573712310157486,11.678133524137854
2020-08-17 16:55:00,79.99999999999257,22.573712310157486,11.678133524137854
2020-08-17 16:56:00,79.99999999999257,22.573712310157486,11.678133524137854
2020-08-17 16:57:00,79.99999999999257,22.573712310157486,11.678133524137854
2020-08-17 16:58:00,79.99999999999257,22.573712310157486,11.678133524137854
2020-08-17 16:59:00,79.99999999999257,22.573712310157486,11.678133524137854
2020-08-17 17:00:00,79.99999999999257,22.573712310157486,11.678133524137854
2020-08-17 17:01:00,79.99999999999257,22.573712310157486,11.678133524137854
2020-08-17 17:02:00,80.00000000000323,23.336132265091557,11.28008647283809
2020-08-17 17:03:00,80.00000000000323,23.336132265091557,11.28008647283809
2020-08-17 17:04:00,80.00000000000323,23.336132265091557,11.28008647283809
2020-08-17 17:05:00,80.00000000000323,23.336132265091557,11.28008647283809
2020-08-17 17:06:00,80.00000000000323,23.336132265091557,11.28008647283809
2020-08-17 17:07:00,80.00000000000323,23.336132265091557,11.28008647283809
2020-08-17 17:08:00,80.00000000000323,23.336132265091557,11.28008647283809
2020-08-17 17:09:00,80.00000000000323,23.336132265091557,11.28008647283809
2020-08-17 17:10:00,80.0000000000062,22.83682596946462,11.416032587894794
2020-08-17 17:11:00,80.0000000000062,22.83682596946462,11.416032587894794
2020-08-17 17:12:00,80.0000000000062,22.83682596946462,11.416032587894794
2020-08-17 17:13:00,80.0000000000062,22.83682596946462,11.416032587894794
2020-08-17 17:14:00,80.0000000000062,22.83682596946462,11.416032587894794
2020-08-17 17:15:00,80.0000000000062,22.83682596946462,11.416032587894794
2020-08-17 17:16:00,80.0000000000062,22.83682596946462,11.416032587894794
2020-08-17 17:17:00,80.0000000000062,22.83682596946462,11.416032587894794
2020-08-17 17:18:00,80.0000000000057,27.480000000000114,10.606965000001326
2020-08-17 17:19:00,80.0000000000057,27.480000000000114,10.606965000001326
2020-08-17 17:20:00,80.0000000000057,27.480000000000114,10.606965000001326
2020-08-17 17:21:00,80.0000000000057,27.480000000000114,10.606965000001326
2020-08-17 17:22:00,80.0000000000057,27.480000000000114,10.606965000001326
2020-08-17 17:23:00,80.0000000000057,27.480000000000114,10.606965000001326
2020-08-17 17:24:00,80.0000000000057,27.480000000000114,10.606965000001326
2020-08-17 17:25:00,80.0000000000057,27.480000000000114,10.606965000001326
2020-08-17 17:26:00,80.00000000000044,26.020000000000007,10.793650000000103
2020-08-17 17:27:00,80.00000000000044,26.020000000000007,10.793650000000103
2020-08-17 17:28:00,80.00000000000044,26.020000000000007,10.793650000000103
2020-08-17 17:29:00,80.00000000000044,26.020000000000007,10.793650000000103
2020-08-17 17:30:00,80.00000000000044,26.020000000000007,10.793650000000103
2020-08-17 17:31:00,80.00000000000044,26.020000000000007,10.793650000000103
2020-08-17 17:32:00,80.00000000000044,26.020000000000007,10.793650000000103
2020-08-17 17:33:00,80.00000000000044,26.020000000000007,10.793650000000103
2020-08-17 17:34:00,80.00000000000216,23.0493642494076,11.11741269986484
2020-08-17 17:35:00,80.00000000000216,23.0493642494076,11.11741269986484
2020-08-17 17:36:00,80.00000000000216,23.0493642494076,11.11741269986484
2020-08-17 17:37:00,80.00000000000216,23.0493642494076,11.11741269986484
2020-08-17 17:38:00,80.00000000000216,23.0493642494076,11.11741269986484
2020-08-17 17:39:00,80.00000000000216,23.0493642494076,11.11741269986484
2020-08-17 17:40:00,80.00000000000216,23.0493642494076,11.11741269986484
2020-08-17 17:41:00,80.00000000000216,23.0493642494076,11.11741269986484
2020-08-17 17:42:00,79.999999999991,21.578817031877858,11.450353312845447
2020-08-17 17:43:00,79.999999999991,21.578817031877858,11.450353312845447
2020-08-17 17:44:00,79.999999999991,21.578817031877858,11.450353312845447
2020-08-17 17:45:00,79.999999999991,21.578817031877858,11.450353312845447
2020-08-17 17:46:00,79.999999999991,21.578817031877858,11.450353312845447
2020-08-17 17:47:00,79.999999999991,21.578817031877858,11.450353312845447
2020-08-17 17:48:00,79.999999999991,21.578817031877858,11.450353312845447
2020-08-17 17:49:00,79.999999999991,21.578817031877858,11.450353312845447
2020-08-17 17:50:00,79.99999999999417,21.06519443498997,11.65707747404556
2020-08-17 17:51:00,79.99999999999417,21.06519443498997,11.65707747404556
2020-08-17 17:52:00,79.99999999999417,21.06519443498997,11.65707747404556
2020-08-17 17:53:00,79.99999999999417,21.06519443498997,11.65707747404556
2020-08-17 17:54:00,79.99999999999417,21.06519443498997,11.65707747404556
2020-08-17 17:55:00,79.99999999999417,21.06519443498997,11.65707747404556
2020-08-17 17:56:00,79.99999999999417,21.06519443498997,11.65707747404556
2020-08-17 17:57:00,79.99999999999417,21.06519443498997,11.65707747404556
2020-08-17 17:58:00,79.99999999999874,20.519401011714425,11.526535604738818
2020-08-17 17:59:00,79.99999999999874,20.519401011714425,11.526535604738818
2020-08-17 18:00:00,79.99999999999874,20.519401011714425,11.526535604738818
2020-08-17 18:01:00,79.99999999999874,20.519401011714425,11.526535604738818
2020-08-17 18:02:00,79.99999999999874,20.519401011714425,11.526535604738818
2020-08-17 18:03:00,79.99999999999874,20.519401011714425,11.526535604738818
2020-08-17 18:04:00,79.99999999999874,20.519401011714425,11.526535604738818
2020-08-17 18:05:00,79.99999999999874,20.519401011714425,11.526535604738818
2020-08-17 18:06:00,79.99999999999324,21.540722933932777,11.183050473749377
2020-08-17 18:07:00,79.99999999999324,21.540722933932777,11.183050473749377
2020-08-17 18:08:00,79.99999999999324,21.540722933932777,11.183050473749377
2020-08-17 18:09:00,79.99999999999324,21.540722933932777,11.183050473749377
2020-08-17 18:10:00,79.99999999999324,21.540722933932777,11.183050473749377
2020-08-17 18:11:00,79.99999999999324,21.540722933932777,11.183050473749377
2020-08-17 18:12:00,79.99999999999324,21.540722933932777,11.183050473749377
2020-08-17 18:13:00,79.99999999999324,21.540722933932777,11.183050473749377
2020-08-17 18:14:00,82.44,21.04,11.86
2020-08-17 18:15:00,82.44,21.04,11.86
2020-08-17 18:16:00,82.44,21.04,11.86
2020-08-17 18:17:00,82.44,21.04,11.86
2020-08-17 18:18:00,82.44,21.04,11.86
2020-08-17 18:19:00,82.44,21.04,11.86
2020-08-17 18:20:00,82.44,21.04,11.86
2020-08-17 18:21:00,82.44,21.04,11.86
2020-08-17 18:22:00,82.09,21.38,11.82
2020-08-17 18:23:00,82.09,21.38,11.82
2020-08-17 18:24:00,82.09,21.38,11.82
2020-08-17 18:25:00,82.09,21.38,11.82
2020-08-17 18:26:00,82.09,21.38,11.82
2020-08-17 18:27:00,82.09,21.38,11.82
2020-08-17 18:28:00,82.09,21.38,11.82
2020-08-17 18:29:00,82.09,21.38,11.82
2020-08-17 18:30:00,79.9999999999912,22.344097133377375,10.997509253256089
2020-08-17 18:31:00,79.9999999999912,22.344097133377375,10.997509253256089
2020-08-17 18:32:00,79.9999999999912,22.344097133377375,10.997509253256089
2020-08-17 18:33:00,79.9999999999912,22.344097133377375,10.997509253256089
2020-08-17 18:34:00,79.9999999999912,22.344097133377375,10.997509253256089
2020-08-17 18:35:00,79.9999999999912,22.344097133377375,10.997509253256089
2020-08-17 18:36:00,79.9999999999912,22.344097133377375,10.997509253256089
2020-08-17 18:37:00,79.9999999999912,22.344097133377375,10.997509253256089
2020-08-17 18:38:00,80.00000000000368,22.589141990014625,11.101235595928046
2020-08-17 18:39:00,80.00000000000368,22.589141990014625,11.101235595928046
2020-08-17 18:40:00,80.00000000000368,22.589141990014625,11.101235595928046
2020-08-17 18:41:00,80.00000000000368,22.589141990014625,11.101235595928046
2020-08-17 18:42:00,80.00000000000368,22.589141990014625,11.101235595928046
2020-08-17 18:43:00,80.00000000000368,22.589141990014625,11.101235595928046
2020-08-17 18:44:00,80.00000000000368,22.589141990014625,11.101235595928046
2020-08-17 18:45:00,80.00000000000368,22.589141990014625,11.101235595928046
2020-08-17 18:46:00,80.00000000000362,22.593987352603573,11.087620440948365
2020-08-17 18:47:00,80.00000000000362,22.593987352603573,11.087620440948365
2020-08-17 18:48:00,80.00000000000362,22.593987352603573,11.087620440948365
2020-08-17 18:49:00,80.00000000000362,22.593987352603573,11.087620440948365
2020-08-17 18:50:00,80.00000000000362,22.593987352603573,11.087620440948365
2020-08-17 18:51:00,80.00000000000362,22.593987352603573,11.087620440948365
2020-08-17 18:52:00,80.00000000000362,22.593987352603573,11.087620440948365
2020-08-17 18:53:00,80.00000000000362,22.593987352603573,11.087620440948365
2020-08-17 18:54:00,84.58,23.66,12.0
2020-08-17 18:55:00,84.58,23.66,12.0
2020-08-17 18:56:00,84.58,23.66,12.0
2020-08-17 18:57:00,84.58,23.66,12.0
2020-08-17 18:58:00,84.58,23.66,12.0
2020-08-17 18:59:00,84.58,23.66,12.0
2020-08-17 19:00:00,84.58,23.66,12.0
2020-08-17 19:01:00,84.58,23.66,12.0
2020-08-17 19:02:00,79.99999999996166,22.99659696466339,10.95606178581092
2020-08-17 19:03:00,79.99999999996166,22.99659696466339,10.95606178581092
2020-08-17 19:04:00,79.99999999996166,22.99659696466339,10.95606178581092
2020-08-17 19:05:00,79.99999999996166,22.99659696466339,10.95606178581092
2020-08-17 19:06:00,79.99999999996166,22.99659696466339,10.95606178581092
2020-08-17 19:07:00,79.99999999996166,22.99659696466339,10.95606178581092
2020-08-17 19:08:00,79.99999999996166,22.99659696466339,10.95606178581092
2020-08-17 19:09:00,79.99999999996166,22.99659696466339,10.95606178581092
2020-08-17 19:10:00,80.00000000010085,22.155638954580663,11.139406681789733
2020-08-17 19:11:00,80.00000000010085,22.155638954580663,11.139406681789733
2020-08-17 19:12:00,80.00000000010085,22.155638954580663,11.139406681789733
2020-08-17 19:13:00,80.00000000010085,22.155638954580663,11.139406681789733
2020-08-17 19:14:00,80.00000000010085,22.155638954580663,11.139406681789733
2020-08-17 19:15:00,80.00000000010085,22.155638954580663,11.139406681789733
2020-08-17 19:16:00,80.00000000010085,22.155638954580663,11.139406681789733
2020-08-17 19:17:00,80.00000000010085,22.155638954580663,11.139406681789733
2020-08-17 19:18:00,80.00000000000341,23.616726644229143,10.93721675766458
2020-08-17 19:19:00,80.00000000000341,23.616726644229143,10.93721675766458
2020-08-17 19:20:00,80.00000000000341,23.616726644229143,10.93721675766458
2020-08-17 19:21:00,80.00000000000341,23.616726644229143,10.93721675766458
2020-08-17 19:22:00,80.00000000000341,23.616726644229143,10.93721675766458
2020-08-17 19:23:00,80.00000000000341,23.616726644229143,10.93721675766458
2020-08-17 19:24:00,80.00000000000341,23.616726644229143,10.93721675766458
2020-08-17 19:25:00,80.00000000000341,23.616726644229143,10.93721675766458
2020-08-17 19:26:00,80.00000000007056,24.84999999999951,10.785090000016748
2020-08-17 19:27:00,80.00000000007056,24.84999999999951,10.785090000016748
2020-08-17 19:28:00,80.00000000007056,24.84999999999951,10.785090000016748
2020-08-17 19:29:00,80.00000000007056,24.84999999999951,10.785090000016748
2020-08-17 19:30:00,80.00000000007056,24.84999999999951,10.785090000016748
2020-08-17 19:31:00,80.00000000007056,24.84999999999951,10.785090000016748
2020-08-17 19:32:00,80.00000000007056,24.84999999999951,10.785090000016748
2020-08-17 19:33:00,80.00000000007056,24.84999999999951,10.785090000016748
2020-08-17 19:34:00,79.99999999970817,28.275000000018203,10.190234999927611
2020-08-17 19:35:00,79.99999999970817,28.275000000018203,10.190234999927611
2020-08-17 19:36:00,79.99999999970817,28.275000000018203,10.190234999927611
2020-08-17 19:37:00,79.99999999970817,28.275000000018203,10.190234999927611
2020-08-17 19:38:00,79.99999999970817,28.275000000018203,10.190234999927611
2020-08-17 19:39:00,79.99999999970817,28.275000000018203,10.190234999927611
2020-08-17 19:40:00,79.99999999970817,28.275000000018203,10.190234999927611
2020-08-17 19:41:00,79.99999999970817,28.275000000018203,10.190234999927611
2020-08-17 19:42:00,79.99999999978341,28.940000000011555,10.038294999946656
2020-08-17 19:43:00,79.99999999978341,28.940000000011555,10.038294999946656
2020-08-17 19:44:00,79.99999999978341,28.940000000011555,10.038294999946656
2020-08-17 19:45:00,79.99999999978341,28.940000000011555,10.038294999946656
2020-08-17 19:46:00,79.99999999978341,28.940000000011555,10.038294999946656
2020-08-17 19:47:00,79.99999999978341,28.940000000011555,10.038294999946656
2020-08-17 19:48:00,79.99999999978341,28.940000000011555,10.038294999946656
2020-08-17 19:49:00,79.99999999978341,28.940000000011555,10.038294999946656
2020-08-17 19:50:00,79.9999999999863,31.420000000001288,9.667749999996516
2020-08-17 19:51:00,79.9999999999863,31.420000000001288,9.667749999996516
2020-08-17 19:52:00,79.9999999999863,31.420000000001288,9.667749999996516
2020-08-17 19:53:00,79.9999999999863,31.420000000001288,9.667749999996516
2020-08-17 19:54:00,79.9999999999863,31.420000000001288,9.667749999996516
2020-08-17 19:55:00,79.9999999999863,31.420000000001288,9.667749999996516
2020-08-17 19:56:00,79.9999999999863,31.420000000001288,9.667749999996516
2020-08-17 19:57:00,79.9999999999863,31.420000000001288,9.667749999996516
2020-08-17 19:58:00,79.99999999990372,29.950000000006362,9.919539999976053
2020-08-17 19:59:00,79.99999999990372,29.950000000006362,9.919539999976053
2020-08-17 20:00:00,79.99999999990372,29.950000000006362,9.919539999976053
2020-08-17 20:01:00,79.99999999990372,29.950000000006362,9.919539999976053
2020-08-17 20:02:00,79.99999999990372,29.950000000006362,9.919539999976053
2020-08-17 20:03:00,79.99999999990372,29.950000000006362,9.919539999976053
2020-08-17 20:04:00,79.99999999990372,29.950000000006362,9.919539999976053
2020-08-17 20:05:00,79.99999999990372,29.950000000006362,9.919539999976053
2020-08-17 20:06:00,79.99999999988452,29.00500000000677,10.086594999971437
2020-08-17 20:07:00,79.99999999988452,29.00500000000677,10.086594999971437
2020-08-17 20:08:00,79.99999999988452,29.00500000000677,10.086594999971437
2020-08-17 20:09:00,79.99999999988452,29.00500000000677,10.086594999971437
2020-08-17 20:10:00,79.99999999988452,29.00500000000677,10.086594999971437
2020-08-17 20:11:00,79.99999999988452,29.00500000000677,10.086594999971437
2020-08-17 20:12:00,79.99999999988452,29.00500000000677,10.086594999971437
2020-08-17 20:13:00,79.99999999988452,29.00500000000677,10.086594999971437
2020-08-17 20:14:00,79.99999999985789,26.840000000005762,10.322284999965353
2020-08-17 20:15:00,79.99999999985789,26.840000000005762,10.322284999965353
2020-08-17 20:16:00,79.99999999985789,26.840000000005762,10.322284999965353
2020-08-17 20:17:00,79.99999999985789,26.840000000005762,10.322284999965353
2020-08-17 20:18:00,79.99999999985789,26.840000000005762,10.322284999965353
2020-08-17 20:19:00,79.99999999985789,26.840000000005762,10.322284999965353
2020-08-17 20:20:00,79.99999999985789,26.840000000005762,10.322284999965353
2020-08-17 20:21:00,79.99999999985789,26.840000000005762,10.322284999965353
2020-08-17 20:22:00,79.99999999994508,28.00000000000221,10.255969999986611
2020-08-17 20:23:00,79.99999999994508,28.00000000000221,10.255969999986611
2020-08-17 20:24:00,79.99999999994508,28.00000000000221,10.255969999986611
2020-08-17 20:25:00,79.99999999994508,28.00000000000221,10.255969999986611
2020-08-17 20:26:00,79.99999999994508,28.00000000000221,10.255969999986611
2020-08-17 20:27:00,79.99999999994508,28.00000000000221,10.255969999986611
2020-08-17 20:28:00,79.99999999994508,28.00000000000221,10.255969999986611
2020-08-17 20:29:00,79.99999999994508,28.00000000000221,10.255969999986611
2020-08-17 20:30:00,79.99999999997806,26.590000000000515,10.456669999994721
2020-08-17 20:31:00,79.99999999997806,26.590000000000515,10.456669999994721
2020-08-17 20:32:00,79.99999999997806,26.590000000000515,10.456669999994721
2020-08-17 20:33:00,79.99999999997806,26.590000000000515,10.456669999994721
2020-08-17 20:34:00,79.99999999997806,26.590000000000515,10.456669999994721
2020-08-17 20:35:00,79.99999999997806,26.590000000000515,10.456669999994721
2020-08-17 20:36:00,79.99999999997806,26.590000000000515,10.456669999994721
2020-08-17 20:37:00,79.99999999997806,26.590000000000515,10.456669999994721
2020-08-17 20:38:00,79.99999999996038,25.3300000000003,10.651739999990589
2020-08-17 20:39:00,79.99999999996038,25.3300000000003,10.651739999990589
2020-08-17 20:40:00,79.99999999996038,25.3300000000003,10.651739999990589
2020-08-17 20:41:00,79.99999999996038,25.3300000000003,10.651739999990589
2020-08-17 20:42:00,79.99999999996038,25.3300000000003,10.651739999990589
2020-08-17 20:43:00,79.99999999996038,25.3300000000003,10.651739999990589
2020-08-17 20:44:00,79.99999999996038,25.3300000000003,10.651739999990589
2020-08-17 20:45:00,79.99999999996038,25.3300000000003,10.651739999990589
2020-08-17 20:46:00,79.99999999999113,25.246726644229163,10.79989175766168
2020-08-17 20:47:00,79.99999999999113,25.246726644229163,10.79989175766168
2020-08-17 20:48:00,79.99999999999113,25.246726644229163,10.79989175766168
2020-08-17 20:49:00,79.99999999999113,25.246726644229163,10.79989175766168
2020-08-17 20:50:00,79.99999999999113,25.246726644229163,10.79989175766168
2020-08-17 20:51:00,79.99999999999113,25.246726644229163,10.79989175766168
2020-08-17 20:52:00,79.99999999999113,25.246726644229163,10.79989175766168
2020-08-17 20:53:00,79.99999999999113,25.246726644229163,10.79989175766168
2020-08-17 20:54:00,80.00000000008168,26.269999999998852,10.616550000019494
2020-08-17 20:55:00,80.00000000008168,26.269999999998852,10.616550000019494
2020-08-17 20:56:00,80.00000000008168,26.269999999998852,10.616550000019494
2020-08-17 20:57:00,80.00000000008168,26.269999999998852,10.616550000019494
2020-08-17 20:58:00,80.00000000008168,26.269999999998852,10.616550000019494
2020-08-17 20:59:00,80.00000000008168,26.269999999998852,10.616550000019494
2020-08-17 21:00:00,80.00000000008168,26.269999999998852,10.616550000019494
2020-08-17 21:01:00,80.00000000008168,26.269999999998852,10.616550000019494
2020-08-17 21:02:00,80.0000000000275,27.18999999999929,10.370040000006624
2020-08-17 21:03:00,80.0000000000275,27.18999999999929,10.370040000006624
2020-08-17 21:04:00,80.0000000000275,27.18999999999929,10.370040000006624
2020-08-17 21:05:00,80.0000000000275,27.18999999999929,10.370040000006624
2020-08-17 21:06:00,80.0000000000275,27.18999999999929,10.370040000006624
2020-08-17 21:07:00,80.0000000000275,27.18999999999929,10.370040000006624
2020-08-17 21:08:00,80.0000000000275,27.18999999999929,10.370040000006624
2020-08-17 21:09:00,80.0000000000275,27.18999999999929,10.370040000006624
2020-08-17 21:10:00,79.99999999984745,25.527564755425473,10.602300002166878
2020-08-17 21:11:00,79.99999999984745,25.527564755425473,10.602300002166878
2020-08-17 21:12:00,79.99999999984745,25.527564755425473,10.602300002166878
2020-08-17 21:13:00,79.99999999984745,25.527564755425473,10.602300002166878
2020-08-17 21:14:00,79.99999999984745,25.527564755425473,10.602300002166878
2020-08-17 21:15:00,79.99999999984745,25.527564755425473,10.602300002166878
2020-08-17 21:16:00,79.99999999984745,25.527564755425473,10.602300002166878
2020-08-17 21:17:00,79.99999999984745,25.527564755425473,10.602300002166878
2020-08-17 21:18:00,79.99999999995518,25.457899156808434,10.601545462725396
2020-08-17 21:19:00,79.99999999995518,25.457899156808434,10.601545462725396
2020-08-17 21:20:00,79.99999999995518,25.457899156808434,10.601545462725396
2020-08-17 21:21:00,79.99999999995518,25.457899156808434,10.601545462725396
2020-08-17 21:22:00,79.99999999995518,25.457899156808434,10.601545462725396
2020-08-17 21:23:00,79.99999999995518,25.457899156808434,10.601545462725396
2020-08-17 21:24:00,79.99999999995518,25.457899156808434,10.601545462725396
2020-08-17 21:25:00,79.99999999995518,25.457899156808434,10.601545462725396
2020-08-17 21:26:00,80.00000000002836,28.279999999998704,10.182880000006946
2020-08-17 21:27:00,80.00000000002836,28.279999999998704,10.182880000006946
2020-08-17 21:28:00,80.00000000002836,28.279999999998704,10.182880000006946
2020-08-17 21:29:00,80.00000000002836,28.279999999998704,10.182880000006946
2020-08-17 21:30:00,80.00000000002836,28.279999999998704,10.182880000006946
2020-08-17 21:31:00,80.00000000002836,28.279999999998704,10.182880000006946
2020-08-17 21:32:00,80.00000000002836,28.279999999998704,10.182880000006946
2020-08-17 21:33:00,80.00000000002836,28.279999999998704,10.182880000006946
2020-08-17 21:34:00,79.99999999996092,26.170000000000822,10.606054999990619
2020-08-17 21:35:00,79.99999999996092,26.170000000000822,10.606054999990619
2020-08-17 21:36:00,79.99999999996092,26.170000000000822,10.606054999990619
2020-08-17 21:37:00,79.99999999996092,26.170000000000822,10.606054999990619
2020-08-17 21:38:00,79.99999999996092,26.170000000000822,10.606054999990619
2020-08-17 21:39:00,79.99999999996092,26.170000000000822,10.606054999990619
2020-08-17 21:40:00,79.99999999996092,26.170000000000822,10.606054999990619
2020-08-17 21:41:00,79.99999999996092,26.170000000000822,10.606054999990619
2020-08-17 21:42:00,86.025,25.515,12.105
2020-08-17 21:43:00,86.025,25.515,12.105
2020-08-17 21:44:00,86.025,25.515,12.105
2020-08-17 21:45:00,86.025,25.515,12.105
2020-08-17 21:46:00,86.025,25.515,12.105
2020-08-17 21:47:00,86.025,25.515,12.105
2020-08-17 21:48:00,86.025,25.515,12.105
2020-08-17 21:49:00,86.025,25.515,12.105
2020-08-17 21:50:00,86.41499999999999,26.795,12.09
2020-08-17 21:51:00,86.41499999999999,26.795,12.09
2020-08-17 21:52:00,86.41499999999999,26.795,12.09
2020-08-17 21:53:00,86.41499999999999,26.795,12.09
2020-08-17 21:54:00,86.41499999999999,26.795,12.09
2020-08-17 21:55:00,86.41499999999999,26.795,12.09
2020-08-17 21:56:00,86.41499999999999,26.795,12.09
2020-08-17 21:57:00,86.41499999999999,26.795,12.09
2020-08-17 21:58:00,84.625,26.455,11.795
2020-08-17 21:59:00,84.625,26.455,11.795
2020-08-17 22:00:00,84.625,26.455,11.795
2020-08-17 22:01:00,84.625,26.455,11.795
2020-08-17 22:02:00,84.625,26.455,11.795
2020-08-17 22:03:00,84.625,26.455,11.795
2020-08-17 22:04:00,84.625,26.455,11.795
2020-08-17 22:05:00,84.625,26.455,11.795
2020-08-17 22:06:00,80.00000000000362,29.989999999999977,9.93138000000086
2020-08-17 22:07:00,80.00000000000362,29.989999999999977,9.93138000000086
2020-08-17 22:08:00,80.00000000000362,29.989999999999977,9.93138000000086
2020-08-17 22:09:00,80.00000000000362,29.989999999999977,9.93138000000086
2020-08-17 22:10:00,80.00000000000362,29.989999999999977,9.93138000000086
2020-08-17 22:11:00,80.00000000000362,29.989999999999977,9.93138000000086
2020-08-17 22:12:00,80.00000000000362,29.989999999999977,9.93138000000086
2020-08-17 22:13:00,80.00000000000362,29.989999999999977,9.93138000000086
2020-08-17 22:14:00,80.00000000000682,30.769999999999893,9.87095000000163
2020-08-17 22:15:00,80.00000000000682,30.769999999999893,9.87095000000163
2020-08-17 22:16:00,80.00000000000682,30.769999999999893,9.87095000000163
2020-08-17 22:17:00,80.00000000000682,30.769999999999893,9.87095000000163
2020-08-17 22:18:00,80.00000000000682,30.769999999999893,9.87095000000163
2020-08-17 22:19:00,80.00000000000682,30.769999999999893,9.87095000000163
2020-08-17 22:20:00,80.00000000000682,30.769999999999893,9.87095000000163
2020-08-17 22:21:00,80.00000000000682,30.769999999999893,9.87095000000163
2020-08-17 22:22:00,85.03999999999999,26.665,11.864999999999998
2020-08-17 22:23:00,85.03999999999999,26.665,11.864999999999998
2020-08-17 22:24:00,85.03999999999999,26.665,11.864999999999998
2020-08-17 22:25:00,85.03999999999999,26.665,11.864999999999998
2020-08-17 22:26:00,85.03999999999999,26.665,11.864999999999998
2020-08-17 22:27:00,85.03999999999999,26.665,11.864999999999998
2020-08-17 22:28:00,85.03999999999999,26.665,11.864999999999998
2020-08-17 22:29:00,85.03999999999999,26.665,11.864999999999998
2020-08-17 22:30:00,79.99999999999382,27.31499999999957,10.418124999998621
2020-08-17 22:31:00,79.99999999999382,27.31499999999957,10.418124999998621
2020-08-17 22:32:00,79.99999999999382,27.31499999999957,10.418124999998621
2020-08-17 22:33:00,79.99999999999382,27.31499999999957,10.418124999998621
2020-08-17 22:34:00,79.99999999999382,27.31499999999957,10.418124999998621
2020-08-17 22:35:00,79.99999999999382,27.31499999999957,10.418124999998621
2020-08-17 22:36:00,79.99999999999382,27.31499999999957,10.418124999998621
2020-08-17 22:37:00,79.99999999999382,27.31499999999957,10.418124999998621
2020-08-17 22:38:00,80.00000000001232,30.319999999999894,9.999300000002926
2020-08-17 22:39:00,80.00000000001232,30.319999999999894,9.999300000002926
2020-08-17 22:40:00,80.00000000001232,30.319999999999894,9.999300000002926
2020-08-17 22:41:00,80.00000000001232,30.319999999999894,9.999300000002926
2020-08-17 22:42:00,80.00000000001232,30.319999999999894,9.999300000002926
2020-08-17 22:43:00,80.00000000001232,30.319999999999894,9.999300000002926
2020-08-17 22:44:00,80.00000000001232,30.319999999999894,9.999300000002926
2020-08-17 22:45:00,80.00000000001232,30.319999999999894,9.999300000002926
2020-08-17 22:46:00,79.99999999998954,32.89500000000081,9.554749999997375
2020-08-17 22:47:00,79.99999999998954,32.89500000000081,9.554749999997375
2020-08-17 22:48:00,79.99999999998954,32.89500000000081,9.554749999997375
2020-08-17 22:49:00,79.99999999998954,32.89500000000081,9.554749999997375
2020-08-17 22:50:00,79.99999999998954,32.89500000000081,9.554749999997375
2020-08-17 22:51:00,79.99999999998954,32.89500000000081,9.554749999997375
2020-08-17 22:52:00,79.99999999998954,32.89500000000081,9.554749999997375
2020-08-17 22:53:00,79.99999999998954,32.89500000000081,9.554749999997375
2020-08-17 22:54:00,80.00000000001,27.405000000000662,10.329335000002237
2020-08-17 22:55:00,80.00000000001,27.405000000000662,10.329335000002237
2020-08-17 22:56:00,80.00000000001,27.405000000000662,10.329335000002237
2020-08-17 22:57:00,80.00000000001,27.405000000000662,10.329335000002237
2020-08-17 22:58:00,80.00000000001,27.405000000000662,10.329335000002237
2020-08-17 22:59:00,80.00000000001,27.405000000000662,10.329335000002237
2020-08-17 23:00:00,80.00000000001,27.405000000000662,10.329335000002237
2020-08-17 23:01:00,80.00000000001,27.405000000000662,10.329335000002237
2020-08-17 23:02:00,79.99999999999784,22.015753119549505,11.370374647926436
2020-08-17 23:03:00,79.99999999999784,22.015753119549505,11.370374647926436
2020-08-17 23:04:00,79.99999999999784,22.015753119549505,11.370374647926436
2020-08-17 23:05:00,79.99999999999784,22.015753119549505,11.370374647926436
2020-08-17 23:06:00,79.99999999999784,22.015753119549505,11.370374647926436
2020-08-17 23:07:00,79.99999999999784,22.015753119549505,11.370374647926436
2020-08-17 23:08:00,79.99999999999784,22.015753119549505,11.370374647926436
2020-08-17 23:09:00,79.99999999999784,22.015753119549505,11.370374647926436
2020-08-17 23:10:00,79.99999999999886,20.08650168619086,11.811600174564893
2020-08-17 23:11:00,79.99999999999886,20.08650168619086,11.811600174564893
2020-08-17 23:12:00,79.99999999999886,20.08650168619086,11.811600174564893
2020-08-17 23:13:00,79.99999999999886,20.08650168619086,11.811600174564893
2020-08-17 23:14:00,79.99999999999886,20.08650168619086,11.811600174564893
2020-08-17 23:15:00,79.99999999999886,20.08650168619086,11.811600174564893
2020-08-17 23:16:00,79.99999999999886,20.08650168619086,11.811600174564893
2020-08-17 23:17:00,79.99999999999886,20.08650168619086,11.811600174564893
2020-08-17 23:18:00,80.00000000000946,23.277998482044136,11.241126292967715
2020-08-17 23:19:00,80.00000000000946,23.277998482044136,11.241126292967715
2020-08-17 23:20:00,80.00000000000946,23.277998482044136,11.241126292967715
2020-08-17 23:21:00,80.00000000000946,23.277998482044136,11.241126292967715
2020-08-17 23:22:00,80.00000000000946,23.277998482044136,11.241126292967715
2020-08-17 23:23:00,80.00000000000946,23.277998482044136,11.241126292967715
2020-08-17 23:24:00,80.00000000000946,23.277998482044136,11.241126292967715
2020-08-17 23:25:00,80.00000000000946,23.277998482044136,11.241126292967715
2020-08-17 23:26:00,79.99999999998609,23.68590252918787,11.04015581186346
2020-08-17 23:27:00,79.99999999998609,23.68590252918787,11.04015581186346
2020-08-17 23:28:00,79.99999999998609,23.68590252918787,11.04015581186346
2020-08-17 23:29:00,79.99999999998609,23.68590252918787,11.04015581186346
2020-08-17 23:30:00,79.99999999998609,23.68590252918787,11.04015581186346
2020-08-17 23:31:00,79.99999999998609,23.68590252918787,11.04015581186346
2020-08-17 23:32:00,79.99999999998609,23.68590252918787,11.04015581186346
2020-08-17 23:33:00,79.99999999998609,23.68590252918787,11.04015581186346
2020-08-17 23:34:00,80.00000000000212,22.356147217303146,11.363378587060993
2020-08-17 23:35:00,80.00000000000212,22.356147217303146,11.363378587060993
2020-08-17 23:36:00,80.00000000000212,22.356147217303146,11.363378587060993
2020-08-17 23:37:00,80.00000000000212,22.356147217303146,11.363378587060993
2020-08-17 23:38:00,80.00000000000212,22.356147217303146,11.363378587060993
2020-08-17 23:39:00,80.00000000000212,22.356147217303146,11.363378587060993
2020-08-17 23:40:00,80.00000000000212,22.356147217303146,11.363378587060993
2020-08-17 23:41:00,80.00000000000212,22.356147217303146,11.363378587060993
2020-08-17 23:42:00,79.99999999999747,22.833043338677207,11.2270926356347
2020-08-17 23:43:00,79.99999999999747,22.833043338677207,11.2270926356347
2020-08-17 23:44:00,79.99999999999747,22.833043338677207,11.2270926356347
2020-08-17 23:45:00,79.99999999999747,22.833043338677207,11.2270926356347
2020-08-17 23:46:00,79.99999999999747,22.833043338677207,11.2270926356347
2020-08-17 23:47:00,79.99999999999747,22.833043338677207,11.2270926356347
2020-08-17 23:48:00,79.99999999999747,22.833043338677207,11.2270926356347
2020-08-17 23:49:00,79.99999999999747,22.833043338677207,11.2270926356347
2020-08-17 23:50:00,79.99999999999913,20.96251467101906,11.712754668493119
2020-08-17 23:51:00,79.99999999999913,20.96251467101906,11.712754668493119
2020-08-17 23:52:00,79.99999999999913,20.96251467101906,11.712754668493119
2020-08-17 23:53:00,79.99999999999913,20.96251467101906,11.712754668493119
2020-08-17 23:54:00,79.99999999999913,20.96251467101906,11.712754668493119
2020-08-17 23:55:00,79.99999999999913,20.96251467101906,11.712754668493119
2020-08-17 23:56:00,79.99999999999913,20.96251467101906,11.712754668493119
2020-08-17 23:57:00,79.99999999999913,20.96251467101906,11.712754668493119
2020-08-17 23:58:00,79.99999999999554,21.414760202226383,11.613556280969258
2020-08-17 23:59:00,79.99999999999554,21.414760202226383,11.613556280969258
