datetime,SteamPipelineOP.electricity_power_ext,SteamPipelineOP.electricity_price_ext
2020/8/27 0:00,-1.815,0.4486
2020/8/27 0:01,-1.595,0.4486
2020/8/27 0:02,-1.87,0.4486
2020/8/27 0:03,-1.595,0.4486
2020/8/27 0:04,-0.6875,0.4486
2020/8/27 0:05,-0.715,0.32036875
2020/8/27 0:06,-0.055,0.4486
2020/8/27 0:07,-0.72,0.4486
2020/8/27 0:08,-0.7425,0.4486
2020/8/27 0:09,-1.1,0.4486
2020/8/27 0:10,-1.2,0.4486
2020/8/27 0:11,-1.1825,0.4486
2020/8/27 0:12,-1.3475,0.4486
2020/8/27 0:13,-1.53,0.4486
2020/8/27 0:14,-1.3475,0.4486
2020/8/27 0:15,-1.32,0.4486
2020/8/27 0:16,-1.5675,0.4486
2020/8/27 0:17,-1.65,0.4486
2020/8/27 0:18,-1.43,0.4486
2020/8/27 0:19,-1.71,0.4486
2020/8/27 0:20,-1.65,0.4486
2020/8/27 0:21,-1.595,0.4486
2020/8/27 0:22,-1.925,0.4486
2020/8/27 0:23,-1.65,0.4486
2020/8/27 0:24,-1.71,0.4486
2020/8/27 0:25,-1.65,0.4486
2020/8/27 0:26,-1.35,0.4486
2020/8/27 0:27,-1.54,0.4486
2020/8/27 0:28,-1.38,0.4486
2020/8/27 0:29,-1.584,0.4486
2020/8/27 0:30,-1.815,0.4486
2020/8/27 0:31,-1.595,0.4486
2020/8/27 0:32,-1.5125,0.4486
2020/8/27 0:33,-1.65,0.4486
2020/8/27 0:34,-1.705,0.4486
2020/8/27 0:35,-2.365,0.4486
2020/8/27 0:36,-1.65,0.4486
2020/8/27 0:37,-1.65,0.4486
2020/8/27 0:38,-1.65,0.4486
2020/8/27 0:39,-1.6775,0.4486
2020/8/27 0:40,-1.6775,0.4486
2020/8/27 0:41,-2.42,0.4486
2020/8/27 0:42,-3.0525,0.4486
2020/8/27 0:43,-2.6125,0.4486
2020/8/27 0:44,-2.53,0.4486
2020/8/27 0:45,-2.3925,0.4486
2020/8/27 0:46,-2.34,0.4486
2020/8/27 0:47,-2.52,0.4486
2020/8/27 0:48,-1.92,0.4486
2020/8/27 0:49,-2.53,0.4486
2020/8/27 0:50,-2.31,0.4486
2020/8/27 0:51,-2.475,0.4486
2020/8/27 0:52,-2.7225,0.4486
2020/8/27 0:53,-2.8875,0.4486
2020/8/27 0:54,-2.64,0.4486
2020/8/27 0:55,-2.6675,0.4486
2020/8/27 0:56,-2.9975,0.4486
2020/8/27 0:57,-2.6125,0.4486
2020/8/27 0:58,-2.64,0.4486
2020/8/27 0:59,-3.465,0.4486
2020/8/27 1:00,-3.245,0.4486
2020/8/27 1:01,-3.2725,0.4486
2020/8/27 1:02,-3.19,0.4486
2020/8/27 1:03,-3.48,0.4486
2020/8/27 1:04,-3.3,0.4486
2020/8/27 1:05,-3.245,0.4486
2020/8/27 1:06,-3.465,0.4486
2020/8/27 1:07,-3.575,0.4486
2020/8/27 1:08,-3.465,0.4486
2020/8/27 1:09,-3.465,0.4486
2020/8/27 1:10,-3.2175,0.4486
2020/8/27 1:11,-3.27,0.4486
2020/8/27 1:12,-3.42,0.4486
2020/8/27 1:13,-3.3275,0.4486
2020/8/27 1:14,-3.4375,0.4486
2020/8/27 1:15,-3.3,0.4486
2020/8/27 1:16,-3.4925,0.4486
2020/8/27 1:17,-3.41,0.4486
2020/8/27 1:18,-3.0525,0.4486
2020/8/27 1:19,-3.465,0.4486
2020/8/27 1:20,-2.9425,0.4486
2020/8/27 1:21,-3.2175,0.4486
2020/8/27 1:22,-2.9975,0.4486
2020/8/27 1:23,-3.2725,0.4486
2020/8/27 1:24,-3.4925,0.4486
2020/8/27 1:25,-3.3,0.4486
2020/8/27 1:26,-2.8325,0.4486
2020/8/27 1:27,-3.08,0.4486
2020/8/27 1:28,-2.97,0.4486
2020/8/27 1:29,-2.695,0.4486
2020/8/27 1:30,-3.08,0.4486
2020/8/27 1:31,-3.2175,0.4486
2020/8/27 1:32,-2.8875,0.4486
2020/8/27 1:33,-3.3,0.4486
2020/8/27 1:34,-2.75,0.4486
2020/8/27 1:35,-2.97,0.4486
2020/8/27 1:36,-3.3,0.4486
2020/8/27 1:37,-3.3,0.4486
2020/8/27 1:38,-3.3,0.4486
2020/8/27 1:39,-3.3,0.4486
2020/8/27 1:40,-3.3275,0.4486
2020/8/27 1:41,-3.575,0.4486
2020/8/27 1:42,-3.39,0.4486
2020/8/27 1:43,-3.19,0.4486
2020/8/27 1:44,-3.3825,0.4486
2020/8/27 1:45,-2.97,0.4486
2020/8/27 1:46,-3.3825,0.4486
2020/8/27 1:47,-3.6,0.4486
2020/8/27 1:48,-3.135,0.4486
2020/8/27 1:49,-3.465,0.4486
2020/8/27 1:50,-3.465,0.4486
2020/8/27 1:51,-3.355,0.4486
2020/8/27 1:52,-3.025,0.4486
2020/8/27 1:53,-3.4925,0.4486
2020/8/27 1:54,-2.97,0.4486
2020/8/27 1:55,-3.1625,0.4486
2020/8/27 1:56,-2.7775,0.4486
2020/8/27 1:57,-3.135,0.4486
2020/8/27 1:58,-3.355,0.4486
2020/8/27 1:59,-2.97,0.4486
2020/8/27 2:00,-3.2725,0.4486
2020/8/27 2:01,-3.3275,0.4486
2020/8/27 2:02,-3.21,0.4486
2020/8/27 2:03,-2.915,0.4486
2020/8/27 2:04,-2.9425,0.4486
2020/8/27 2:05,-2.88,0.4486
2020/8/27 2:06,-2.9425,0.4486
2020/8/27 2:07,-2.64,0.4486
2020/8/27 2:08,-2.67,0.4486
2020/8/27 2:09,-2.6125,0.4486
2020/8/27 2:10,-2.55,0.4486
2020/8/27 2:11,-3.19,0.4486
2020/8/27 2:12,-2.9975,0.4486
2020/8/27 2:13,-2.805,0.4486
2020/8/27 2:14,-3.355,0.4486
2020/8/27 2:15,-3.1075,0.4486
2020/8/27 2:16,-3.4375,0.4486
2020/8/27 2:17,-3.3275,0.4486
2020/8/27 2:18,-3.19,0.4486
2020/8/27 2:19,-3.48,0.4486
2020/8/27 2:20,-3.3825,0.4486
2020/8/27 2:21,-3.33,0.4486
2020/8/27 2:22,-3.8775,0.4486
2020/8/27 2:23,-3.6025,0.4486
2020/8/27 2:24,-3.41,0.4486
2020/8/27 2:25,-3.74,0.4486
2020/8/27 2:26,-3.52,0.4486
2020/8/27 2:27,-3.7125,0.4486
2020/8/27 2:28,-3.51,0.4486
2020/8/27 2:29,-3.8225,0.4486
2020/8/27 2:30,-3.6575,0.4486
2020/8/27 2:31,-3.4925,0.4486
2020/8/27 2:32,-3.75,0.4486
2020/8/27 2:33,-3.6025,0.4486
2020/8/27 2:34,-3.72,0.4486
2020/8/27 2:35,-3.85,0.4486
2020/8/27 2:36,-3.63,0.4486
2020/8/27 2:37,-3.4375,0.4486
2020/8/27 2:38,-3.5475,0.4486
2020/8/27 2:39,-3.5475,0.4486
2020/8/27 2:40,-3.85,0.4486
2020/8/27 2:41,-4.0425,0.4486
2020/8/27 2:42,-3.6575,0.4486
2020/8/27 2:43,-3.7675,0.4486
2020/8/27 2:44,-3.4925,0.4486
2020/8/27 2:45,-3.6025,0.4486
2020/8/27 2:46,-3.63,0.4486
2020/8/27 2:47,-3.3275,0.4486
2020/8/27 2:48,-3.3275,0.4486
2020/8/27 2:49,-2.9975,0.4486
2020/8/27 2:50,-3.1625,0.4486
2020/8/27 2:51,-3.0525,0.4486
2020/8/27 2:52,-2.53,0.4486
2020/8/27 2:53,-2.695,0.4486
2020/8/27 2:54,-2.76,0.4486
2020/8/27 2:55,-2.55,0.4486
2020/8/27 2:56,-2.64,0.4486
2020/8/27 2:57,-2.442,0.4486
2020/8/27 2:58,-2.37,0.4486
2020/8/27 2:59,-2.64,0.4486
2020/8/27 3:00,-2.5575,0.4486
2020/8/27 3:01,-2.42,0.4486
2020/8/27 3:02,-2.5025,0.4486
2020/8/27 3:03,-2.42,0.4486
2020/8/27 3:04,-2.3375,0.4486
2020/8/27 3:05,-2.4,0.4486
2020/8/27 3:06,-2.4,0.4486
2020/8/27 3:07,-2.6125,0.4486
2020/8/27 3:08,-2.0625,0.4486
2020/8/27 3:09,-2.31,0.4486
2020/8/27 3:10,-2.365,0.4486
2020/8/27 3:11,-2.2825,0.4486
2020/8/27 3:12,-2.19,0.4486
2020/8/27 3:13,-2.46,0.4486
2020/8/27 3:14,-2.2,0.4486
2020/8/27 3:15,-1.98,0.4486
2020/8/27 3:16,-2.2825,0.4486
2020/8/27 3:17,-2.28,0.4486
2020/8/27 3:18,-2.13,0.4486
2020/8/27 3:19,-2.31,0.4486
2020/8/27 3:20,-2.42,0.4486
2020/8/27 3:21,-1.98,0.4486
2020/8/27 3:22,-1.9525,0.4486
2020/8/27 3:23,-1.92,0.4486
2020/8/27 3:24,-2.2,0.4486
2020/8/27 3:25,-2.49,0.4486
2020/8/27 3:26,-2.5025,0.4486
2020/8/27 3:27,-2.53,0.4486
2020/8/27 3:28,-2.6125,0.4486
2020/8/27 3:29,-2.7225,0.4486
2020/8/27 3:30,-3.025,0.4486
2020/8/27 3:31,-2.915,0.4486
2020/8/27 3:32,-3.025,0.4486
2020/8/27 3:33,-3.025,0.4486
2020/8/27 3:34,-3.2725,0.4486
2020/8/27 3:35,-3.3275,0.4486
2020/8/27 3:36,-3.3275,0.4486
2020/8/27 3:37,-3.2725,0.4486
2020/8/27 3:38,-3.5475,0.4486
2020/8/27 3:39,-3.3,0.4486
2020/8/27 3:40,-3.685,0.4486
2020/8/27 3:41,-3.74,0.4486
2020/8/27 3:42,-3.7675,0.4486
2020/8/27 3:43,-3.905,0.4486
2020/8/27 3:44,-3.87,0.4486
2020/8/27 3:45,-4.02,0.4486
2020/8/27 3:46,-3.85,0.4486
2020/8/27 3:47,-3.685,0.4486
2020/8/27 3:48,-3.685,0.4486
2020/8/27 3:49,-3.245,0.4486
2020/8/27 3:50,-3.4375,0.4486
2020/8/27 3:51,-3.3275,0.4486
2020/8/27 3:52,-3.465,0.4486
2020/8/27 3:53,-3.465,0.4486
2020/8/27 3:54,-3.03,0.4486
2020/8/27 3:55,-3.355,0.4486
2020/8/27 3:56,-3.24,0.4486
2020/8/27 3:57,-3.1075,0.4486
2020/8/27 3:58,-3.3,0.4486
2020/8/27 3:59,-2.805,0.4486
2020/8/27 4:00,-2.695,0.4486
2020/8/27 4:01,-2.805,0.4486
2020/8/27 4:02,-2.9975,0.4486
2020/8/27 4:03,-3.025,0.4486
2020/8/27 4:04,-3.1625,0.4486
2020/8/27 4:05,-3.245,0.4486
2020/8/27 4:06,-2.8325,0.4486
2020/8/27 4:07,-2.695,0.4486
2020/8/27 4:08,-2.64,0.4486
2020/8/27 4:09,-2.8325,0.4486
2020/8/27 4:10,-2.76,0.4486
2020/8/27 4:11,-2.75,0.4486
2020/8/27 4:12,-2.75,0.4486
2020/8/27 4:13,-2.86,0.4486
2020/8/27 4:14,-2.86,0.4486
2020/8/27 4:15,-2.7225,0.4486
2020/8/27 4:16,-2.97,0.4486
2020/8/27 4:17,-2.6675,0.4486
2020/8/27 4:18,-2.805,0.4486
2020/8/27 4:19,-2.97,0.4486
2020/8/27 4:20,-3.33,0.4486
2020/8/27 4:21,-3.245,0.4486
2020/8/27 4:22,-3.41,0.4486
2020/8/27 4:23,-3.245,0.4486
2020/8/27 4:24,-3.41,0.4486
2020/8/27 4:25,-3.355,0.4486
2020/8/27 4:26,-3.3,0.4486
2020/8/27 4:27,-3.3275,0.4486
2020/8/27 4:28,-3.2725,0.4486
2020/8/27 4:29,-3.41,0.4486
2020/8/27 4:30,-3.135,0.4486
2020/8/27 4:31,-3.2725,0.4486
2020/8/27 4:32,-3.245,0.4486
2020/8/27 4:33,-3.3275,0.4486
2020/8/27 4:34,-3.19,0.4486
2020/8/27 4:35,-3.08,0.4486
2020/8/27 4:36,-2.8875,0.4486
2020/8/27 4:37,-3.245,0.4486
2020/8/27 4:38,-2.97,0.4486
2020/8/27 4:39,-3.19,0.4486
2020/8/27 4:40,-3.245,0.4486
2020/8/27 4:41,-3.1625,0.4486
2020/8/27 4:42,-3.685,0.4486
2020/8/27 4:43,-3.63,0.4486
2020/8/27 4:44,-3.245,0.4486
2020/8/27 4:45,-3.8225,0.4486
2020/8/27 4:46,-3.465,0.4486
2020/8/27 4:47,-3.5475,0.4486
2020/8/27 4:48,-3.4375,0.4486
2020/8/27 4:49,-3.1075,0.4486
2020/8/27 4:50,-3.3,0.4486
2020/8/27 4:51,-3.63,0.4486
2020/8/27 4:52,-3.905,0.4486
2020/8/27 4:53,-3.52,0.4486
2020/8/27 4:54,-3.84,0.4486
2020/8/27 4:55,-3.795,0.4486
2020/8/27 4:56,-3.5475,0.4486
2020/8/27 4:57,-3.6025,0.4486
2020/8/27 4:58,-3.4925,0.4486
2020/8/27 4:59,-3.3,0.4486
2020/8/27 5:00,-3.3275,0.4486
2020/8/27 5:01,-3.1625,0.4486
2020/8/27 5:02,-3.025,0.4486
2020/8/27 5:03,-3.24,0.4486
2020/8/27 5:04,-3.19,0.4486
2020/8/27 5:05,-3.1625,0.4486
2020/8/27 5:06,-3.42,0.4486
2020/8/27 5:07,-2.7775,0.4486
2020/8/27 5:08,-3.245,0.4486
2020/8/27 5:09,-2.9975,0.4486
2020/8/27 5:10,-2.7775,0.4486
2020/8/27 5:11,-3.333,0.4486
2020/8/27 5:12,-2.75,0.4486
2020/8/27 5:13,-2.85,0.4486
2020/8/27 5:14,-2.8875,0.4486
2020/8/27 5:15,-2.9975,0.4486
2020/8/27 5:16,-3.2725,0.4486
2020/8/27 5:17,-2.7,0.4486
2020/8/27 5:18,-3.09,0.4486
2020/8/27 5:19,-2.52,0.4486
2020/8/27 5:20,-3.09,0.4486
2020/8/27 5:21,-2.97,0.4486
2020/8/27 5:22,-2.91,0.4486
2020/8/27 5:23,-3.08,0.4486
2020/8/27 5:24,-2.94,0.4486
2020/8/27 5:25,-3.19,0.4486
2020/8/27 5:26,-2.9425,0.4486
2020/8/27 5:27,-3.465,0.4486
2020/8/27 5:28,-3.1625,0.4486
2020/8/27 5:29,-3.2725,0.4486
2020/8/27 5:30,-3.1075,0.4486
2020/8/27 5:31,-2.82,0.4486
2020/8/27 5:32,-2.8325,0.4486
2020/8/27 5:33,-2.6675,0.4486
2020/8/27 5:34,-2.585,0.4486
2020/8/27 5:35,-2.9425,0.4486
2020/8/27 5:36,-2.5575,0.4486
2020/8/27 5:37,-2.67,0.4486
2020/8/27 5:38,-2.6675,0.4486
2020/8/27 5:39,-2.53,0.4486
2020/8/27 5:40,-2.3925,0.4486
2020/8/27 5:41,-2.64,0.4486
2020/8/27 5:42,-2.585,0.4486
2020/8/27 5:43,-2.585,0.4486
2020/8/27 5:44,-2.6675,0.4486
2020/8/27 5:45,-2.6125,0.4486
2020/8/27 5:46,-2.82,0.4486
2020/8/27 5:47,-2.5025,0.4486
2020/8/27 5:48,-2.28,0.4486
2020/8/27 5:49,-2.6125,0.4486
2020/8/27 5:50,-2.2825,0.4486
2020/8/27 5:51,-2.75,0.4486
2020/8/27 5:52,-2.97,0.4486
2020/8/27 5:53,-2.7775,0.4486
2020/8/27 5:54,-2.8325,0.4486
2020/8/27 5:55,-3.135,0.4486
2020/8/27 5:56,-2.6675,0.4486
2020/8/27 5:57,-2.7225,0.4486
2020/8/27 5:58,-2.76,0.4486
2020/8/27 5:59,-2.73,0.4486
2020/8/27 6:00,-3.19,0.4486
2020/8/27 6:01,-3.24,0.4486
2020/8/27 6:02,-2.8875,0.4486
2020/8/27 6:03,-2.97,0.4486
2020/8/27 6:04,-3.3,0.4486
2020/8/27 6:05,-2.88,0.4486
2020/8/27 6:06,-2.915,0.4486
2020/8/27 6:07,-2.695,0.4486
2020/8/27 6:08,-2.8875,0.4486
2020/8/27 6:09,-3,0.4486
2020/8/27 6:10,-2.55,0.4486
2020/8/27 6:11,-2.585,0.4486
2020/8/27 6:12,-2.7225,0.4486
2020/8/27 6:13,-2.695,0.4486
2020/8/27 6:14,-2.585,0.4486
2020/8/27 6:15,-2.695,0.4486
2020/8/27 6:16,-2.6675,0.4486
2020/8/27 6:17,-2.64,0.4486
2020/8/27 6:18,-2.6675,0.4486
2020/8/27 6:19,-2.5025,0.4486
2020/8/27 6:20,-2.6125,0.4486
2020/8/27 6:21,-2.585,0.4486
2020/8/27 6:22,-2.42,0.4486
2020/8/27 6:23,-2.6675,0.4486
2020/8/27 6:24,-2.64,0.4486
2020/8/27 6:25,-2.64,0.4486
2020/8/27 6:26,-2.43,0.4486
2020/8/27 6:27,-2.64,0.4486
2020/8/27 6:28,-2.64,0.4486
2020/8/27 6:29,-2.6125,0.4486
2020/8/27 6:30,-2.64,0.4486
2020/8/27 6:31,-2.7775,0.4486
2020/8/27 6:32,-2.79,0.4486
2020/8/27 6:33,-2.6675,0.4486
2020/8/27 6:34,-2.64,0.4486
2020/8/27 6:35,-3.025,0.4486
2020/8/27 6:36,-2.6675,0.4486
2020/8/27 6:37,-2.64,0.4486
2020/8/27 6:38,-2.64,0.4486
2020/8/27 6:39,-2.6675,0.4486
2020/8/27 6:40,-2.475,0.4486
2020/8/27 6:41,-2.64,0.4486
2020/8/27 6:42,-2.5025,0.4486
2020/8/27 6:43,-2.7,0.4486
2020/8/27 6:44,-2.6125,0.4486
2020/8/27 6:45,-2.6125,0.4486
2020/8/27 6:46,-2.52,0.4486
2020/8/27 6:47,-2.85,0.4486
2020/8/27 6:48,-2.75,0.4486
2020/8/27 6:49,-2.97,0.4486
2020/8/27 6:50,-3.24,0.4486
2020/8/27 6:51,-3.003,0.4486
2020/8/27 6:52,-2.64,0.4486
2020/8/27 6:53,-3,0.4486
2020/8/27 6:54,-2.8875,0.4486
2020/8/27 6:55,-2.805,0.4486
2020/8/27 6:56,-2.6675,0.4486
2020/8/27 6:57,-2.64,0.4486
2020/8/27 6:58,-2.86,0.4486
2020/8/27 6:59,-3.025,0.4486
2020/8/27 7:00,-3.08,0.4486
2020/8/27 7:01,-3,0.4486
2020/8/27 7:02,-3.08,0.4486
2020/8/27 7:03,-2.8325,0.4486
2020/8/27 7:04,-3.4925,0.4486
2020/8/27 7:05,-3.3825,0.4486
2020/8/27 7:06,-3.2175,0.4486
2020/8/27 7:07,-3.2175,0.4486
2020/8/27 7:08,-3.1625,0.4486
2020/8/27 7:09,-2.9425,0.4486
2020/8/27 7:10,-2.53,0.4486
2020/8/27 7:11,-2.75,0.4486
2020/8/27 7:12,-2.7225,0.4486
2020/8/27 7:13,-2.64,0.4486
2020/8/27 7:14,-2.0625,0.4486
2020/8/27 7:15,-2.3925,0.4486
2020/8/27 7:16,-2.475,0.4486
2020/8/27 7:17,-2.3375,0.4486
2020/8/27 7:18,-1.6225,0.4486
2020/8/27 7:19,-1.54,0.4486
2020/8/27 7:20,-1.54,0.4486
2020/8/27 7:21,-1.5125,0.4486
2020/8/27 7:22,-1.5125,0.4486
2020/8/27 7:23,-1.595,0.4486
2020/8/27 7:24,-1.47,0.4486
2020/8/27 7:25,-1.375,0.4486
2020/8/27 7:26,-1.21,0.4486
2020/8/27 7:27,-1.1,0.4486
2020/8/27 7:28,-0.935,0.4486
2020/8/27 7:29,-0.99,0.32036875
2020/8/27 7:30,-0.33,0.4486
2020/8/27 7:31,-0.055,0.32036875
2020/8/27 7:32,-0.3025,0.32036875
2020/8/27 7:33,0.1925,0.32036875
2020/8/27 7:34,0.22,0.32036875
2020/8/27 7:35,0.0275,0.32036875
2020/8/27 7:36,-0.0825,0.32036875
2020/8/27 7:37,0.11,0.32036875
2020/8/27 7:38,0.055,0.32036875
2020/8/27 7:39,-0.055,0.32036875
2020/8/27 7:40,0,0.4486
2020/8/27 7:41,-0.2475,0.32036875
2020/8/27 7:42,-0.1925,0.4486
2020/8/27 7:43,-0.385,0.4486
2020/8/27 7:44,-0.6325,0.4486
2020/8/27 7:45,-0.55,0.4486
2020/8/27 7:46,-0.7975,0.4486
2020/8/27 7:47,-0.6325,0.4486
2020/8/27 7:48,-0.44,0.4486
2020/8/27 7:49,-0.5775,0.4486
2020/8/27 7:50,-0.4675,0.4486
2020/8/27 7:51,-0.54,0.4486
2020/8/27 7:52,-0.0825,0.4486
2020/8/27 7:53,-0.165,0.32036875
2020/8/27 7:54,-0.27,0.32036875
2020/8/27 7:55,0.3025,0.32036875
2020/8/27 7:56,0.44,0.32036875
2020/8/27 7:57,0.9625,0.32036875
2020/8/27 7:58,1.0725,0.61306875
2020/8/27 7:59,1.54,0.61306875
2020/8/27 8:00,1.65,0.61306875
2020/8/27 8:01,1.87,0.61306875
2020/8/27 8:02,1.6225,0.61306875
2020/8/27 8:03,1.3475,0.61306875
2020/8/27 8:04,3.0525,0.61306875
2020/8/27 8:05,2.53,0.61306875
2020/8/27 8:06,2.31,0.61306875
2020/8/27 8:07,2.31,0.61306875
2020/8/27 8:08,1.7875,0.61306875
2020/8/27 8:09,2.16,0.61306875
2020/8/27 8:10,2.42,0.61306875
2020/8/27 8:11,2.607,0.61306875
2020/8/27 8:12,2.475,0.61306875
2020/8/27 8:13,2.365,0.61306875
2020/8/27 8:14,2.3375,0.61306875
2020/8/27 8:15,2.3925,0.61306875
2020/8/27 8:16,1.71,0.61306875
2020/8/27 8:17,2.31,0.61306875
2020/8/27 8:18,2.3375,0.61306875
2020/8/27 8:19,2.09,0.61306875
2020/8/27 8:20,2.31,0.61306875
2020/8/27 8:21,2.31,0.61306875
2020/8/27 8:22,2.42,0.61306875
2020/8/27 8:23,2.4,0.61306875
2020/8/27 8:24,2.42,0.61306875
2020/8/27 8:25,2.31,0.61306875
2020/8/27 8:26,2.1175,0.61306875
2020/8/27 8:27,2.07,0.61306875
2020/8/27 8:28,2.244,0.61306875
2020/8/27 8:29,1.925,0.61306875
2020/8/27 8:30,2.2,0.61306875
2020/8/27 8:31,1.5,0.61306875
2020/8/27 8:32,1.43,0.61306875
2020/8/27 8:33,1.3475,0.61306875
2020/8/27 8:34,2.04,0.61306875
2020/8/27 8:35,2.09,0.61306875
2020/8/27 8:36,2.13,0.61306875
2020/8/27 8:37,2.2825,0.61306875
2020/8/27 8:38,2.3925,0.61306875
2020/8/27 8:39,1.8425,0.61306875
2020/8/27 8:40,1.98,0.61306875
2020/8/27 8:41,2.13,0.61306875
2020/8/27 8:42,2.255,0.61306875
2020/8/27 8:43,2.1175,0.61306875
2020/8/27 8:44,2.49,0.61306875
2020/8/27 8:45,2.6125,0.61306875
2020/8/27 8:46,2.3925,0.61306875
2020/8/27 8:47,2.58,0.61306875
2020/8/27 8:48,2.7775,0.61306875
2020/8/27 8:49,2.915,0.61306875
2020/8/27 8:50,3.245,0.61306875
2020/8/27 8:51,3.19,0.61306875
2020/8/27 8:52,3.15,0.61306875
2020/8/27 8:53,3.4925,0.61306875
2020/8/27 8:54,3.6025,0.61306875
2020/8/27 8:55,4.015,0.61306875
2020/8/27 8:56,4.2625,0.61306875
2020/8/27 8:57,4.235,0.61306875
2020/8/27 8:58,4.29,0.99356875
2020/8/27 8:59,3.85,0.99356875
2020/8/27 9:00,4.23,0.99356875
2020/8/27 9:01,3.7675,0.99356875
2020/8/27 9:02,3.2725,0.99356875
2020/8/27 9:03,3.2175,0.99356875
2020/8/27 9:04,3.3,0.99356875
2020/8/27 9:05,3.025,0.99356875
2020/8/27 9:06,2.64,0.99356875
2020/8/27 9:07,3.245,0.99356875
2020/8/27 9:08,3.18,0.99356875
2020/8/27 9:09,3.3,0.99356875
2020/8/27 9:10,3.3,0.99356875
2020/8/27 9:11,3.025,0.99356875
2020/8/27 9:12,3.3275,0.99356875
2020/8/27 9:13,3.2725,0.99356875
2020/8/27 9:14,3.4375,0.99356875
2020/8/27 9:15,3.1075,0.99356875
2020/8/27 9:16,3.3275,0.99356875
2020/8/27 9:17,3.3,0.99356875
2020/8/27 9:18,3.06,0.99356875
2020/8/27 9:19,3.63,0.99356875
2020/8/27 9:20,3.33,0.99356875
2020/8/27 9:21,3.5475,0.99356875
2020/8/27 9:22,3.7675,0.99356875
2020/8/27 9:23,3.3,0.99356875
2020/8/27 9:24,3.41,0.99356875
2020/8/27 9:25,3.465,0.99356875
2020/8/27 9:26,3.465,0.99356875
2020/8/27 9:27,3.4925,0.99356875
2020/8/27 9:28,3.3275,0.99356875
2020/8/27 9:29,3.3,0.99356875
2020/8/27 9:30,3.3,0.99356875
2020/8/27 9:31,3.4375,0.99356875
2020/8/27 9:32,3.52,0.99356875
2020/8/27 9:33,3.7125,0.99356875
2020/8/27 9:34,3.63,0.99356875
2020/8/27 9:35,3.355,0.99356875
2020/8/27 9:36,3.3,0.99356875
2020/8/27 9:37,3.3,0.99356875
2020/8/27 9:38,3.3,0.99356875
2020/8/27 9:39,3.24,0.99356875
2020/8/27 9:40,3.3,0.99356875
2020/8/27 9:41,3.3,0.99356875
2020/8/27 9:42,3.3,0.99356875
2020/8/27 9:43,3.2175,0.99356875
2020/8/27 9:44,2.6675,0.99356875
2020/8/27 9:45,2.915,0.99356875
2020/8/27 9:46,2.915,0.99356875
2020/8/27 9:47,2.9975,0.99356875
2020/8/27 9:48,3.3,0.99356875
2020/8/27 9:49,2.805,0.99356875
2020/8/27 9:50,3.245,0.99356875
2020/8/27 9:51,2.64,0.99356875
2020/8/27 9:52,2.365,0.99356875
2020/8/27 9:53,2.9975,0.99356875
2020/8/27 9:54,2.6675,0.99356875
2020/8/27 9:55,2.7225,0.99356875
2020/8/27 9:56,3.0525,0.99356875
2020/8/27 9:57,3.003,0.99356875
2020/8/27 9:58,2.75,0.99356875
2020/8/27 9:59,3.2175,0.99356875
2020/8/27 10:00,2.6675,0.99356875
2020/8/27 10:01,2.4,0.99356875
2020/8/27 10:02,3.3,0.99356875
2020/8/27 10:03,3.135,0.99356875
2020/8/27 10:04,2.42,0.99356875
2020/8/27 10:05,3.245,0.99356875
2020/8/27 10:06,2.8325,0.99356875
2020/8/27 10:07,2.9975,0.99356875
2020/8/27 10:08,3.245,0.99356875
2020/8/27 10:09,2.915,0.99356875
2020/8/27 10:10,2.475,0.99356875
2020/8/27 10:11,2.8325,0.99356875
2020/8/27 10:12,3.3,0.99356875
2020/8/27 10:13,3.08,0.99356875
2020/8/27 10:14,3.3275,0.99356875
2020/8/27 10:15,3.41,0.99356875
2020/8/27 10:16,2.75,0.99356875
2020/8/27 10:17,3.4925,0.99356875
2020/8/27 10:18,3.08,0.99356875
2020/8/27 10:19,2.7225,0.99356875
2020/8/27 10:20,3.2725,0.99356875
2020/8/27 10:21,3.1075,0.99356875
2020/8/27 10:22,3.08,0.99356875
2020/8/27 10:23,3.3,0.99356875
2020/8/27 10:24,3.2725,0.99356875
2020/8/27 10:25,2.79,0.99356875
2020/8/27 10:26,3.08,0.99356875
2020/8/27 10:27,3.08,0.99356875
2020/8/27 10:28,3.08,0.99356875
2020/8/27 10:29,3.3,0.99356875
2020/8/27 10:30,2.86,0.99356875
2020/8/27 10:31,3.19,0.99356875
2020/8/27 10:32,2.695,0.99356875
2020/8/27 10:33,2.6125,0.99356875
2020/8/27 10:34,2.4475,0.99356875
2020/8/27 10:35,2.31,0.99356875
2020/8/27 10:36,2.2825,0.99356875
2020/8/27 10:37,2.31,0.99356875
2020/8/27 10:38,1.89,0.99356875
2020/8/27 10:39,1.65,0.99356875
2020/8/27 10:40,1.38,0.99356875
2020/8/27 10:41,1.375,0.99356875
2020/8/27 10:42,1.7325,0.99356875
2020/8/27 10:43,1.155,0.99356875
2020/8/27 10:44,0.7425,0.99356875
2020/8/27 10:45,0.87,0.99356875
2020/8/27 10:46,0.99,0.99356875
2020/8/27 10:47,0.99,0.99356875
2020/8/27 10:48,1.2925,0.99356875
2020/8/27 10:49,1.29,0.99356875
2020/8/27 10:50,1.1275,0.99356875
2020/8/27 10:51,1.32,0.99356875
2020/8/27 10:52,1.54,0.99356875
2020/8/27 10:53,1.375,0.99356875
2020/8/27 10:54,1.32,0.99356875
2020/8/27 10:55,1.43,0.99356875
2020/8/27 10:56,0.99,0.99356875
2020/8/27 10:57,1.44,0.99356875
2020/8/27 10:58,1.32,0.99356875
2020/8/27 10:59,1.32,0.99356875
2020/8/27 11:00,1.32,0.99356875
2020/8/27 11:01,1.05,0.99356875
2020/8/27 11:02,0.55,0.99356875
2020/8/27 11:03,0.7425,0.99356875
2020/8/27 11:04,1.0725,0.99356875
2020/8/27 11:05,0.6,0.99356875
2020/8/27 11:06,0.55,0.99356875
2020/8/27 11:07,0.4675,0.99356875
2020/8/27 11:08,0.44,0.99356875
2020/8/27 11:09,0.5225,0.99356875
2020/8/27 11:10,0.6875,0.99356875
2020/8/27 11:11,0.77,0.99356875
2020/8/27 11:12,1.08,0.99356875
2020/8/27 11:13,1.265,0.99356875
2020/8/27 11:14,1.02,0.99356875
2020/8/27 11:15,0.75,0.99356875
2020/8/27 11:16,1.155,0.99356875
2020/8/27 11:17,0.825,0.99356875
2020/8/27 11:18,0.825,0.99356875
2020/8/27 11:19,1.17,0.99356875
2020/8/27 11:20,1.41,0.99356875
2020/8/27 11:21,1.221,0.99356875
2020/8/27 11:22,1.0725,0.99356875
2020/8/27 11:23,1.375,0.99356875
2020/8/27 11:24,1.045,0.99356875
2020/8/27 11:25,1.32,0.99356875
2020/8/27 11:26,1.155,0.99356875
2020/8/27 11:27,0.96,0.99356875
2020/8/27 11:28,0.715,0.99356875
2020/8/27 11:29,0.6325,0.99356875
2020/8/27 11:30,1.1,0.99356875
2020/8/27 11:31,0.561,0.99356875
2020/8/27 11:32,0.42,0.99356875
2020/8/27 11:33,0.6325,0.99356875
2020/8/27 11:34,0.44,0.99356875
2020/8/27 11:35,0.5775,0.99356875
2020/8/27 11:36,0.3575,0.99356875
2020/8/27 11:37,0.33,0.99356875
2020/8/27 11:38,0.44,0.99356875
2020/8/27 11:39,0.33,0.99356875
2020/8/27 11:40,0.4125,0.99356875
2020/8/27 11:41,0.495,0.99356875
2020/8/27 11:42,0.42,0.99356875
2020/8/27 11:43,0.4675,0.99356875
2020/8/27 11:44,0.3575,0.99356875
2020/8/27 11:45,0.3575,0.99356875
2020/8/27 11:46,0.3575,0.99356875
2020/8/27 11:47,0.4675,0.99356875
2020/8/27 11:48,0.22,0.99356875
2020/8/27 11:49,0.275,0.99356875
2020/8/27 11:50,0.3575,0.99356875
2020/8/27 11:51,0.5775,0.99356875
2020/8/27 11:52,0.3575,0.99356875
2020/8/27 11:53,0.42,0.99356875
2020/8/27 11:54,0.4125,0.99356875
2020/8/27 11:55,0.275,0.99356875
2020/8/27 11:56,0.0825,0.99356875
2020/8/27 11:57,0.03,0.99356875
2020/8/27 11:58,0.0275,0.4486
2020/8/27 11:59,-0.3575,0.4486
2020/8/27 12:00,-0.5775,0.4486
2020/8/27 12:01,-0.6875,0.4486
2020/8/27 12:02,-0.54,0.4486
2020/8/27 12:03,-0.5775,0.4486
2020/8/27 12:04,-0.66,0.4486
2020/8/27 12:05,-0.935,0.4486
2020/8/27 12:06,-0.88,0.4486
2020/8/27 12:07,-0.605,0.4486
2020/8/27 12:08,-0.726,0.4486
2020/8/27 12:09,-0.69,0.4486
2020/8/27 12:10,-0.77,0.4486
2020/8/27 12:11,-0.3025,0.4486
2020/8/27 12:12,-0.6,0.4486
2020/8/27 12:13,-0.605,0.4486
2020/8/27 12:14,-0.66,0.4486
2020/8/27 12:15,-0.66,0.4486
2020/8/27 12:16,-0.66,0.4486
2020/8/27 12:17,-0.825,0.4486
2020/8/27 12:18,-1.32,0.4486
2020/8/27 12:19,-0.99,0.4486
2020/8/27 12:20,-1.1,0.4486
2020/8/27 12:21,-0.6875,0.4486
2020/8/27 12:22,-0.6325,0.4486
2020/8/27 12:23,-0.5225,0.4486
2020/8/27 12:24,-0.3575,0.4486
2020/8/27 12:25,-0.3575,0.4486
2020/8/27 12:26,-0.6325,0.4486
2020/8/27 12:27,-0.3025,0.4486
2020/8/27 12:28,-0.2475,0.4486
2020/8/27 12:29,-0.4675,0.4486
2020/8/27 12:30,-0.5775,0.4486
2020/8/27 12:31,-0.5225,0.61306875
2020/8/27 12:32,-0.275,0.61306875
2020/8/27 12:33,-0.0825,0.61306875
2020/8/27 12:34,-0.099,0.61306875
2020/8/27 12:35,0,0.61306875
2020/8/27 12:36,0,0.61306875
2020/8/27 12:37,0.099,0.61306875
2020/8/27 12:38,0.03,0.61306875
2020/8/27 12:39,0.11,0.61306875
2020/8/27 12:40,0.39,0.61306875
2020/8/27 12:41,1.2375,0.61306875
2020/8/27 12:42,1.21,0.61306875
2020/8/27 12:43,1.32,0.61306875
2020/8/27 12:44,1.0725,0.61306875
2020/8/27 12:45,1.1275,0.61306875
2020/8/27 12:46,1.2375,0.61306875
2020/8/27 12:47,1.17,0.61306875
2020/8/27 12:48,1.32,0.61306875
2020/8/27 12:49,1.2375,0.61306875
2020/8/27 12:50,1.0725,0.61306875
2020/8/27 12:51,1.265,0.61306875
2020/8/27 12:52,0.57,0.61306875
2020/8/27 12:53,0.8525,0.61306875
2020/8/27 12:54,1.3475,0.61306875
2020/8/27 12:55,1.5125,0.61306875
2020/8/27 12:56,1.375,0.61306875
2020/8/27 12:57,1.6775,0.61306875
2020/8/27 12:58,1.56,0.61306875
2020/8/27 12:59,1.7875,0.61306875
2020/8/27 13:00,2.3375,0.61306875
2020/8/27 13:01,1.815,0.61306875
2020/8/27 13:02,2.1725,0.61306875
2020/8/27 13:03,2.343,0.61306875
2020/8/27 13:04,3.036,0.61306875
2020/8/27 13:05,2.73,0.61306875
2020/8/27 13:06,2.475,0.61306875
2020/8/27 13:07,2.6675,0.61306875
2020/8/27 13:08,3.1625,0.61306875
2020/8/27 13:09,2.52,0.61306875
2020/8/27 13:10,2.31,0.61306875
2020/8/27 13:11,2.31,0.61306875
2020/8/27 13:12,2.3375,0.61306875
2020/8/27 13:13,2.31,0.61306875
2020/8/27 13:14,2.09,0.61306875
2020/8/27 13:15,2.145,0.61306875
2020/8/27 13:16,2.31,0.61306875
2020/8/27 13:17,2.145,0.61306875
2020/8/27 13:18,2.1175,0.61306875
2020/8/27 13:19,1.76,0.61306875
2020/8/27 13:20,2.0625,0.61306875
2020/8/27 13:21,2.145,0.61306875
2020/8/27 13:22,2.2825,0.61306875
2020/8/27 13:23,2.255,0.61306875
2020/8/27 13:24,2.035,0.61306875
2020/8/27 13:25,2.035,0.61306875
2020/8/27 13:26,2.31,0.61306875
2020/8/27 13:27,2.1175,0.61306875
2020/8/27 13:28,2.2275,0.61306875
2020/8/27 13:29,2.255,0.61306875
2020/8/27 13:30,2.2,0.61306875
2020/8/27 13:31,2.5575,0.61306875
2020/8/27 13:32,2.3925,0.61306875
2020/8/27 13:33,2.31,0.61306875
2020/8/27 13:34,2.7225,0.61306875
2020/8/27 13:35,2.42,0.61306875
2020/8/27 13:36,2.3925,0.61306875
2020/8/27 13:37,2.3375,0.61306875
2020/8/27 13:38,2.9425,0.61306875
2020/8/27 13:39,2.97,0.61306875
2020/8/27 13:40,3.08,0.61306875
2020/8/27 13:41,3.0525,0.61306875
2020/8/27 13:42,3.42,0.61306875
2020/8/27 13:43,3.3,0.61306875
2020/8/27 13:44,3.3,0.61306875
2020/8/27 13:45,3.36,0.61306875
2020/8/27 13:46,3.267,0.61306875
2020/8/27 13:47,3.3,0.61306875
2020/8/27 13:48,3.333,0.61306875
2020/8/27 13:49,3.45,0.61306875
2020/8/27 13:50,3.41,0.61306875
2020/8/27 13:51,3.33,0.61306875
2020/8/27 13:52,3.6025,0.61306875
2020/8/27 13:53,3.36,0.61306875
2020/8/27 13:54,3.1625,0.61306875
2020/8/27 13:55,4.14,0.61306875
2020/8/27 13:56,3.3275,0.61306875
2020/8/27 13:57,3.41,0.61306875
2020/8/27 13:58,3.63,0.61306875
2020/8/27 13:59,3,0.61306875
2020/8/27 14:00,3.3,0.61306875
2020/8/27 14:01,3.21,0.61306875
2020/8/27 14:02,2.91,0.61306875
2020/8/27 14:03,3.18,0.61306875
2020/8/27 14:04,2.7775,0.61306875
2020/8/27 14:05,2.585,0.61306875
2020/8/27 14:06,3.2175,0.61306875
2020/8/27 14:07,2.9975,0.61306875
2020/8/27 14:08,3.135,0.61306875
2020/8/27 14:09,3.245,0.61306875
2020/8/27 14:10,3.1075,0.61306875
2020/8/27 14:11,2.97,0.61306875
2020/8/27 14:12,3.2175,0.61306875
2020/8/27 14:13,3.2725,0.61306875
2020/8/27 14:14,3.03,0.61306875
2020/8/27 14:15,3.08,0.61306875
2020/8/27 14:16,3.33,0.61306875
2020/8/27 14:17,2.53,0.61306875
2020/8/27 14:18,2.8325,0.61306875
2020/8/27 14:19,3.2175,0.61306875
2020/8/27 14:20,2.37,0.61306875
2020/8/27 14:21,2.3925,0.61306875
2020/8/27 14:22,3.025,0.61306875
2020/8/27 14:23,2.805,0.61306875
2020/8/27 14:24,3.1075,0.61306875
2020/8/27 14:25,3.025,0.61306875
2020/8/27 14:26,2.8875,0.61306875
2020/8/27 14:27,2.97,0.61306875
2020/8/27 14:28,3.36,0.61306875
2020/8/27 14:29,3.1625,0.61306875
2020/8/27 14:30,3.12,0.61306875
2020/8/27 14:31,3.036,0.61306875
2020/8/27 14:32,2.695,0.61306875
2020/8/27 14:33,3.201,0.61306875
2020/8/27 14:34,2.896666667,0.61306875
2020/8/27 14:35,2.76,0.61306875
2020/8/27 14:36,3.41,0.61306875
2020/8/27 14:37,2.64,0.61306875
2020/8/27 14:38,3.025,0.61306875
2020/8/27 14:39,3.27,0.61306875
2020/8/27 14:40,2.9975,0.61306875
2020/8/27 14:41,3.2175,0.61306875
2020/8/27 14:42,2.6675,0.61306875
2020/8/27 14:43,2.9975,0.61306875
2020/8/27 14:44,2.6675,0.61306875
2020/8/27 14:45,2.3375,0.61306875
2020/8/27 14:46,2.7775,0.61306875
2020/8/27 14:47,2.31,0.61306875
2020/8/27 14:48,2.365,0.61306875
2020/8/27 14:49,2.3925,0.61306875
2020/8/27 14:50,2.035,0.61306875
2020/8/27 14:51,2.255,0.61306875
2020/8/27 14:52,2.255,0.61306875
2020/8/27 14:53,2.178,0.61306875
2020/8/27 14:54,1.8975,0.61306875
2020/8/27 14:55,1.485,0.61306875
2020/8/27 14:56,1.6225,0.61306875
2020/8/27 14:57,1.98,0.61306875
2020/8/27 14:58,1.54,0.61306875
2020/8/27 14:59,1.32,0.61306875
2020/8/27 15:00,1.584,0.61306875
2020/8/27 15:01,1.5125,0.61306875
2020/8/27 15:02,1.485,0.61306875
2020/8/27 15:03,1.32,0.61306875
2020/8/27 15:04,1.353,0.61306875
2020/8/27 15:05,1.32,0.61306875
2020/8/27 15:06,1.2375,0.61306875
2020/8/27 15:07,1.32,0.61306875
2020/8/27 15:08,1.1275,0.61306875
2020/8/27 15:09,1.08,0.61306875
2020/8/27 15:10,1.32,0.61306875
2020/8/27 15:11,1.1825,0.61306875
2020/8/27 15:12,1.0175,0.61306875
2020/8/27 15:13,1.32,0.61306875
2020/8/27 15:14,1.21,0.61306875
2020/8/27 15:15,1.08,0.61306875
2020/8/27 15:16,0.6875,0.61306875
2020/8/27 15:17,1.1,0.61306875
2020/8/27 15:18,1.4025,0.61306875
2020/8/27 15:19,1.87,0.61306875
2020/8/27 15:20,1.485,0.61306875
2020/8/27 15:21,1.265,0.61306875
2020/8/27 15:22,1.3475,0.61306875
2020/8/27 15:23,1.3475,0.61306875
2020/8/27 15:24,1.485,0.61306875
2020/8/27 15:25,1.485,0.61306875
2020/8/27 15:26,1.5,0.61306875
2020/8/27 15:27,1.54,0.61306875
2020/8/27 15:28,1.5125,0.61306875
2020/8/27 15:29,1.595,0.61306875
2020/8/27 15:30,1.705,0.61306875
2020/8/27 15:31,1.7325,0.61306875
2020/8/27 15:32,2.035,0.61306875
2020/8/27 15:33,2.035,0.61306875
2020/8/27 15:34,1.8,0.61306875
2020/8/27 15:35,2.1175,0.61306875
2020/8/27 15:36,2.145,0.61306875
2020/8/27 15:37,1.9525,0.61306875
2020/8/27 15:38,2.31,0.61306875
2020/8/27 15:39,2.31,0.61306875
2020/8/27 15:40,2.2,0.61306875
2020/8/27 15:41,2.28,0.61306875
2020/8/27 15:42,2.09,0.61306875
2020/8/27 15:43,1.925,0.61306875
2020/8/27 15:44,1.8425,0.61306875
2020/8/27 15:45,1.6775,0.61306875
2020/8/27 15:46,1.7875,0.61306875
2020/8/27 15:47,1.98,0.61306875
2020/8/27 15:48,2.035,0.61306875
2020/8/27 15:49,2.67,0.61306875
2020/8/27 15:50,2.42,0.61306875
2020/8/27 15:51,2.31,0.61306875
2020/8/27 15:52,2.255,0.61306875
2020/8/27 15:53,2.475,0.61306875
2020/8/27 15:54,2.4475,0.61306875
2020/8/27 15:55,3.3,0.61306875
2020/8/27 15:56,3.24,0.61306875
2020/8/27 15:57,2.42,0.61306875
2020/8/27 15:58,2.61,0.61306875
2020/8/27 15:59,2.5025,0.61306875
2020/8/27 16:00,2.3925,0.61306875
2020/8/27 16:01,2.5025,0.61306875
2020/8/27 16:02,2.365,0.61306875
2020/8/27 16:03,2.31,0.61306875
2020/8/27 16:04,2.3925,0.61306875
2020/8/27 16:05,2.6675,0.61306875
2020/8/27 16:06,2.42,0.61306875
2020/8/27 16:07,2.97,0.61306875
2020/8/27 16:08,2.739,0.61306875
2020/8/27 16:09,2.3375,0.61306875
2020/8/27 16:10,2.88,0.61306875
2020/8/27 16:11,2.76,0.61306875
2020/8/27 16:12,2.97,0.61306875
2020/8/27 16:13,2.82,0.61306875
2020/8/27 16:14,2.7225,0.61306875
2020/8/27 16:15,2.53,0.61306875
2020/8/27 16:16,2.31,0.61306875
2020/8/27 16:17,2.7775,0.61306875
2020/8/27 16:18,2.49,0.61306875
2020/8/27 16:19,2.4475,0.61306875
2020/8/27 16:20,2.88,0.61306875
2020/8/27 16:21,2.49,0.61306875
2020/8/27 16:22,2.541,0.61306875
2020/8/27 16:23,2.82,0.61306875
2020/8/27 16:24,2.64,0.61306875
2020/8/27 16:25,2.6125,0.61306875
2020/8/27 16:26,3.135,0.61306875
2020/8/27 16:27,2.8325,0.61306875
2020/8/27 16:28,2.75,0.61306875
2020/8/27 16:29,2.7,0.61306875
2020/8/27 16:30,3.09,0.61306875
2020/8/27 16:31,3.245,0.61306875
2020/8/27 16:32,3.3,0.61306875
2020/8/27 16:33,2.75,0.61306875
2020/8/27 16:34,2.5025,0.61306875
2020/8/27 16:35,2.8325,0.61306875
2020/8/27 16:36,2.97,0.61306875
2020/8/27 16:37,2.55,0.61306875
2020/8/27 16:38,2.6675,0.61306875
2020/8/27 16:39,2.53,0.61306875
2020/8/27 16:40,2.365,0.61306875
2020/8/27 16:41,2.4,0.61306875
2020/8/27 16:42,2.16,0.61306875
2020/8/27 16:43,2.1725,0.61306875
2020/8/27 16:44,2.255,0.61306875
2020/8/27 16:45,2.09,0.61306875
2020/8/27 16:46,1.595,0.61306875
2020/8/27 16:47,1.65,0.61306875
2020/8/27 16:48,1.7875,0.61306875
2020/8/27 16:49,1.59,0.61306875
2020/8/27 16:50,1.7325,0.61306875
2020/8/27 16:51,2.07,0.61306875
2020/8/27 16:52,1.4025,0.61306875
2020/8/27 16:53,1.6225,0.61306875
2020/8/27 16:54,2.1725,0.61306875
2020/8/27 16:55,1.5675,0.61306875
2020/8/27 16:56,2.1175,0.61306875
2020/8/27 16:57,2.2275,0.61306875
2020/8/27 16:58,1.5125,0.61306875
2020/8/27 16:59,1.375,0.61306875
2020/8/27 17:00,2.1175,0.61306875
2020/8/27 17:01,1.4025,0.61306875
2020/8/27 17:02,1.6225,0.61306875
2020/8/27 17:03,1.9525,0.61306875
2020/8/27 17:04,1.5125,0.61306875
2020/8/27 17:05,1.83,0.61306875
2020/8/27 17:06,1.54,0.61306875
2020/8/27 17:07,1.76,0.61306875
2020/8/27 17:08,1.7325,0.61306875
2020/8/27 17:09,2.2,0.61306875
2020/8/27 17:10,2.2825,0.61306875
2020/8/27 17:11,1.47,0.61306875
2020/8/27 17:12,1.705,0.61306875
2020/8/27 17:13,1.1825,0.61306875
2020/8/27 17:14,0.7975,0.61306875
2020/8/27 17:15,1.38,0.61306875
2020/8/27 17:16,1.2925,0.61306875
2020/8/27 17:17,0.935,0.61306875
2020/8/27 17:18,0.99,0.61306875
2020/8/27 17:19,1.1275,0.61306875
2020/8/27 17:20,0.9625,0.61306875
2020/8/27 17:21,0.66,0.61306875
2020/8/27 17:22,1.485,0.61306875
2020/8/27 17:23,1.265,0.61306875
2020/8/27 17:24,0.7425,0.61306875
2020/8/27 17:25,1.045,0.61306875
2020/8/27 17:26,0.4125,0.61306875
2020/8/27 17:27,0.54,0.61306875
2020/8/27 17:28,1.1825,0.61306875
2020/8/27 17:29,1.0175,0.61306875
2020/8/27 17:30,0.7425,0.61306875
2020/8/27 17:31,0.715,0.61306875
2020/8/27 17:32,0.4125,0.61306875
2020/8/27 17:33,0.275,0.61306875
2020/8/27 17:34,0.3025,0.61306875
2020/8/27 17:35,0.385,0.61306875
2020/8/27 17:36,0.396,0.61306875
2020/8/27 17:37,0.99,0.61306875
2020/8/27 17:38,0.594,0.61306875
2020/8/27 17:39,0.88,0.61306875
2020/8/27 17:40,1.17,0.61306875
2020/8/27 17:41,0.55,0.61306875
2020/8/27 17:42,0.2475,0.61306875
2020/8/27 17:43,0.5225,0.61306875
2020/8/27 17:44,0.605,0.4486
2020/8/27 17:45,0.2475,0.4486
2020/8/27 17:46,-0.55,0.61306875
2020/8/27 17:47,-0.1375,0.4486
2020/8/27 17:48,0.1375,0.61306875
2020/8/27 17:49,-0.09,0.4486
2020/8/27 17:50,-0.22,0.4486
2020/8/27 17:51,-0.605,0.61306875
2020/8/27 17:52,0.1925,0.61306875
2020/8/27 17:53,0.165,0.61306875
2020/8/27 17:54,-0.0825,0.4486
2020/8/27 17:55,-0.495,0.4486
2020/8/27 17:56,-0.6325,0.61306875
2020/8/27 17:57,-0.0275,0.4486
2020/8/27 17:58,0.055,0.4486
2020/8/27 17:59,-0.4675,0.4486
2020/8/27 18:00,-0.3575,0.61306875
2020/8/27 18:01,0.3575,0.61306875
2020/8/27 18:02,-0.0275,0.4486
2020/8/27 18:03,-0.24,0.4486
2020/8/27 18:04,-0.605,0.4486
2020/8/27 18:05,-0.4125,0.4486
2020/8/27 18:06,-0.21,0.4486
2020/8/27 18:07,-0.715,0.4486
2020/8/27 18:08,-0.66,0.4486
2020/8/27 18:09,-0.54,0.4486
2020/8/27 18:10,-0.24,0.4486
2020/8/27 18:11,-0.165,0.4486
2020/8/27 18:12,-0.4125,0.4486
2020/8/27 18:13,-0.55,0.4486
2020/8/27 18:14,-0.33,0.4486
2020/8/27 18:15,-0.66,0.4486
2020/8/27 18:16,-0.57,0.4486
2020/8/27 18:17,-0.6325,0.4486
2020/8/27 18:18,-0.3575,0.4486
2020/8/27 18:19,-0.48,0.4486
2020/8/27 18:20,-0.513333333,0.4486
2020/8/27 18:21,-0.275,0.4486
2020/8/27 18:22,-0.605,0.4486
2020/8/27 18:23,-0.165,0.4486
2020/8/27 18:24,-0.6325,0.4486
2020/8/27 18:25,-0.4675,0.4486
2020/8/27 18:26,-0.36,0.61306875
2020/8/27 18:27,-0.0275,0.4486
2020/8/27 18:28,0.1375,0.61306875
2020/8/27 18:29,-0.18,0.61306875
2020/8/27 18:30,-0.0825,0.61306875
2020/8/27 18:31,0.1925,0.4486
2020/8/27 18:32,0.055,0.61306875
2020/8/27 18:33,-0.165,0.61306875
2020/8/27 18:34,-0.055,0.61306875
2020/8/27 18:35,0.0275,0.61306875
2020/8/27 18:36,0.0825,0.61306875
2020/8/27 18:37,0,0.4486
2020/8/27 18:38,-0.11,0.61306875
2020/8/27 18:39,-0.033,0.61306875
2020/8/27 18:40,0,0.4486
2020/8/27 18:41,-0.055,0.61306875
2020/8/27 18:42,-0.055,0.61306875
2020/8/27 18:43,0.24,0.61306875
2020/8/27 18:44,1.045,0.61306875
2020/8/27 18:45,0.715,0.61306875
2020/8/27 18:46,0.3,0.4486
2020/8/27 18:47,0.33,0.61306875
2020/8/27 18:48,0.198,0.61306875
2020/8/27 18:49,0.88,0.61306875
2020/8/27 18:50,0.54,0.61306875
2020/8/27 18:51,0.27,0.61306875
2020/8/27 18:52,0.6,0.61306875
2020/8/27 18:53,0.77,0.61306875
2020/8/27 18:54,0.33,0.61306875
2020/8/27 18:55,0.3025,0.61306875
2020/8/27 18:56,0.33,0.61306875
2020/8/27 18:57,0.5775,0.61306875
2020/8/27 18:58,0.4675,0.99356875
2020/8/27 18:59,0.605,0.99356875
2020/8/27 19:00,0.55,0.99356875
2020/8/27 19:01,0.33,0.4486
2020/8/27 19:02,-0.495,0.4486
2020/8/27 19:03,-0.51,0.99356875
2020/8/27 19:04,-0.11,0.4486
2020/8/27 19:05,-0.033,0.4486
2020/8/27 19:06,-0.57,0.4486
2020/8/27 19:07,-0.4125,0.4486
2020/8/27 19:08,-0.6,0.4486
2020/8/27 19:09,-0.605,0.4486
2020/8/27 19:10,-0.605,0.4486
2020/8/27 19:11,-0.825,0.4486
2020/8/27 19:12,-0.66,0.4486
2020/8/27 19:13,-0.9075,0.4486
2020/8/27 19:14,-0.78,0.4486
2020/8/27 19:15,-1.2375,0.4486
2020/8/27 19:16,-1.1825,0.4486
2020/8/27 19:17,-0.84,0.4486
2020/8/27 19:18,-0.11,0.4486
2020/8/27 19:19,-0.33,0.4486
2020/8/27 19:20,-0.66,0.4486
2020/8/27 19:21,-0.66,0.99356875
2020/8/27 19:22,-0.21,0.99356875
2020/8/27 19:23,0.99,0.99356875
2020/8/27 19:24,1.32,0.99356875
2020/8/27 19:25,1.2925,0.99356875
2020/8/27 19:26,1.21,0.99356875
2020/8/27 19:27,1.29,0.99356875
2020/8/27 19:28,0.9625,0.99356875
2020/8/27 19:29,0.715,0.99356875
2020/8/27 19:30,0.495,0.99356875
2020/8/27 19:31,0.44,0.99356875
2020/8/27 19:32,0.7975,0.4486
2020/8/27 19:33,0.48,0.99356875
2020/8/27 19:34,0.0275,0.4486
2020/8/27 19:35,0.1925,0.4486
2020/8/27 19:36,-0.11,0.99356875
2020/8/27 19:37,0.22,0.4486
2020/8/27 19:38,-0.06,0.99356875
2020/8/27 19:39,0.0275,0.4486
2020/8/27 19:40,-0.22,0.4486
2020/8/27 19:41,-0.1925,0.4486
2020/8/27 19:42,-0.2475,0.99356875
2020/8/27 19:43,-0.0275,0.99356875
2020/8/27 19:44,0.44,0.99356875
2020/8/27 19:45,0.44,0.99356875
2020/8/27 19:46,0.44,0.99356875
2020/8/27 19:47,0.495,0.99356875
2020/8/27 19:48,0.3575,0.4486
2020/8/27 19:49,-0.165,0.4486
2020/8/27 19:50,-0.3575,0.99356875
2020/8/27 19:51,-0.2475,0.99356875
2020/8/27 19:52,0.2475,0.4486
2020/8/27 19:53,-9.25E-18,0.4486
2020/8/27 19:54,-0.3025,0.4486
2020/8/27 19:55,-0.44,0.4486
2020/8/27 19:56,-0.09,0.4486
2020/8/27 19:57,-0.165,0.4486
2020/8/27 19:58,-0.6325,0.99356875
2020/8/27 19:59,-0.275,0.99356875
2020/8/27 20:00,0.2475,0.99356875
2020/8/27 20:01,0.11,0.4486
2020/8/27 20:02,0.165,0.4486
2020/8/27 20:03,-0.1375,0.4486
2020/8/27 20:04,-0.33,0.99356875
2020/8/27 20:05,0.055,0.4486
2020/8/27 20:06,-0.3025,0.4486
2020/8/27 20:07,-0.2475,0.4486
2020/8/27 20:08,-0.385,0.99356875
2020/8/27 20:09,-0.385,0.99356875
2020/8/27 20:10,0,0.99356875
2020/8/27 20:11,0.165,0.99356875
2020/8/27 20:12,0.495,0.99356875
2020/8/27 20:13,0.33,0.99356875
2020/8/27 20:14,0.33,0.99356875
2020/8/27 20:15,0.33,0.99356875
2020/8/27 20:16,0.0825,0.99356875
2020/8/27 20:17,0.165,0.99356875
2020/8/27 20:18,0.0825,0.99356875
2020/8/27 20:19,0.2475,0.99356875
2020/8/27 20:20,0.275,0.99356875
2020/8/27 20:21,0.2475,0.99356875
2020/8/27 20:22,0.33,0.99356875
2020/8/27 20:23,0.84,0.99356875
2020/8/27 20:24,0.495,0.99356875
2020/8/27 20:25,0.3025,0.99356875
2020/8/27 20:26,0.385,0.99356875
2020/8/27 20:27,0.6875,0.99356875
2020/8/27 20:28,0.18,0.99356875
2020/8/27 20:29,0.33,0.99356875
2020/8/27 20:30,0.3025,0.99356875
2020/8/27 20:31,0.33,0.4486
2020/8/27 20:32,0.2475,0.4486
2020/8/27 20:33,-0.385,0.4486
2020/8/27 20:34,-0.4675,0.99356875
2020/8/27 20:35,-0.165,0.99356875
2020/8/27 20:36,0.06,0.4486
2020/8/27 20:37,0.198,0.99356875
2020/8/27 20:38,-0.055,0.99356875
2020/8/27 20:39,0.15,0.99356875
2020/8/27 20:40,0.22,0.99356875
2020/8/27 20:41,0.264,0.99356875
2020/8/27 20:42,0.09,0.99356875
2020/8/27 20:43,0,0.99356875
2020/8/27 20:44,0.495,0.99356875
2020/8/27 20:45,0.55,0.99356875
2020/8/27 20:46,0.2475,0.99356875
2020/8/27 20:47,0.11,0.99356875
2020/8/27 20:48,0.495,0.99356875
2020/8/27 20:49,0.15,0.99356875
2020/8/27 20:50,0.6325,0.99356875
2020/8/27 20:51,1.045,0.99356875
2020/8/27 20:52,0.44,0.99356875
2020/8/27 20:53,0.55,0.99356875
2020/8/27 20:54,0.22,0.99356875
2020/8/27 20:55,-0.1375,0.99356875
2020/8/27 20:56,-0.12,0.99356875
2020/8/27 20:57,0.24,0.99356875
2020/8/27 20:58,0.15,0.99356875
2020/8/27 20:59,0.1925,0.99356875
2020/8/27 21:00,0.2475,0.99356875
2020/8/27 21:01,0.11,0.99356875
2020/8/27 21:02,0.45,0.99356875
2020/8/27 21:03,0.22,0.99356875
2020/8/27 21:04,0.561,0.99356875
2020/8/27 21:05,0.33,0.99356875
2020/8/27 21:06,1.21,0.99356875
2020/8/27 21:07,0.5775,0.99356875
2020/8/27 21:08,0.1925,0.99356875
2020/8/27 21:09,0.6,0.99356875
2020/8/27 21:10,-0.055,0.99356875
2020/8/27 21:11,0.165,0.99356875
2020/8/27 21:12,0.6,0.99356875
2020/8/27 21:13,0.12,0.99356875
2020/8/27 21:14,0.165,0.99356875
2020/8/27 21:15,0.385,0.99356875
2020/8/27 21:16,0.1925,0.99356875
2020/8/27 21:17,0.2475,0.99356875
2020/8/27 21:18,0.3575,0.99356875
2020/8/27 21:19,0.2475,0.99356875
2020/8/27 21:20,0.7425,0.99356875
2020/8/27 21:21,0.48,0.99356875
2020/8/27 21:22,0.66,0.99356875
2020/8/27 21:23,1.43,0.99356875
2020/8/27 21:24,1.43,0.99356875
2020/8/27 21:25,1.41,0.99356875
2020/8/27 21:26,1.76,0.99356875
2020/8/27 21:27,1.265,0.99356875
2020/8/27 21:28,1.6225,0.99356875
2020/8/27 21:29,1.6775,0.99356875
2020/8/27 21:30,1.14,0.99356875
2020/8/27 21:31,1.54,0.99356875
2020/8/27 21:32,1.617,0.99356875
2020/8/27 21:33,1.045,0.99356875
2020/8/27 21:34,1.05,0.99356875
2020/8/27 21:35,1.59,0.99356875
2020/8/27 21:36,1.08,0.99356875
2020/8/27 21:37,0.935,0.99356875
2020/8/27 21:38,0.5225,0.99356875
2020/8/27 21:39,0.7425,0.99356875
2020/8/27 21:40,0.825,0.99356875
2020/8/27 21:41,0.6,0.99356875
2020/8/27 21:42,0.81,0.99356875
2020/8/27 21:43,0.495,0.99356875
2020/8/27 21:44,0.72,0.99356875
2020/8/27 21:45,0.66,0.99356875
2020/8/27 21:46,0.4125,0.99356875
2020/8/27 21:47,1.02,0.99356875
2020/8/27 21:48,1.485,0.99356875
2020/8/27 21:49,1.485,0.99356875
2020/8/27 21:50,2.0075,0.99356875
2020/8/27 21:51,1.92,0.99356875
2020/8/27 21:52,2.1175,0.99356875
2020/8/27 21:53,2.22,0.99356875
2020/8/27 21:54,2.31,0.99356875
2020/8/27 21:55,2.53,0.99356875
2020/8/27 21:56,2.42,0.99356875
2020/8/27 21:57,2.3375,0.99356875
2020/8/27 21:58,2.31,0.61306875
2020/8/27 21:59,2.1725,0.61306875
2020/8/27 22:00,2.1,0.61306875
2020/8/27 22:01,1.7875,0.61306875
2020/8/27 22:02,1.7875,0.61306875
2020/8/27 22:03,1.485,0.61306875
2020/8/27 22:04,2.42,0.61306875
2020/8/27 22:05,2.6125,0.61306875
2020/8/27 22:06,2.31,0.61306875
2020/8/27 22:07,2.5575,0.61306875
2020/8/27 22:08,2.31,0.61306875
2020/8/27 22:09,1.65,0.61306875
2020/8/27 22:10,2.145,0.61306875
2020/8/27 22:11,1.32,0.61306875
2020/8/27 22:12,1.32,0.61306875
2020/8/27 22:13,0.99,0.61306875
2020/8/27 22:14,0.55,0.61306875
2020/8/27 22:15,1.2925,0.61306875
2020/8/27 22:16,0.4125,0.61306875
2020/8/27 22:17,0.4125,0.61306875
2020/8/27 22:18,0.33,0.61306875
2020/8/27 22:19,0.3575,0.61306875
2020/8/27 22:20,0.2475,0.61306875
2020/8/27 22:21,0.22,0.61306875
2020/8/27 22:22,0.33,0.61306875
2020/8/27 22:23,0.1375,0.61306875
2020/8/27 22:24,0.2475,0.61306875
2020/8/27 22:25,0.6875,0.61306875
2020/8/27 22:26,0.69,0.61306875
2020/8/27 22:27,0.9075,0.61306875
2020/8/27 22:28,0.24,0.61306875
2020/8/27 22:29,-0.1375,0.4486
2020/8/27 22:30,0.055,0.4486
2020/8/27 22:31,0.0825,0.4486
2020/8/27 22:32,-0.4675,0.4486
2020/8/27 22:33,-0.495,0.4486
2020/8/27 22:34,-0.4125,0.4486
2020/8/27 22:35,-0.6,0.4486
2020/8/27 22:36,-0.6,0.4486
2020/8/27 22:37,-0.44,0.4486
2020/8/27 22:38,-0.4125,0.61306875
2020/8/27 22:39,-0.33,0.4486
2020/8/27 22:40,-0.165,0.4486
2020/8/27 22:41,-0.385,0.61306875
2020/8/27 22:42,-0.3025,0.4486
2020/8/27 22:43,-0.22,0.4486
2020/8/27 22:44,-0.3575,0.4486
2020/8/27 22:45,-0.385,0.61306875
2020/8/27 22:46,-0.3025,0.4486
2020/8/27 22:47,-0.4675,0.4486
2020/8/27 22:48,-0.72,0.4486
2020/8/27 22:49,-0.6875,0.4486
2020/8/27 22:50,-0.5775,0.4486
2020/8/27 22:51,-1.1825,0.4486
2020/8/27 22:52,-1.65,0.4486
2020/8/27 22:53,-1.65,0.4486
2020/8/27 22:54,-1.9525,0.4486
2020/8/27 22:55,-1.925,0.4486
2020/8/27 22:56,-2.5025,0.4486
2020/8/27 22:57,-2.255,0.4486
2020/8/27 22:58,-2.31,0.4486
2020/8/27 22:59,-2.365,0.4486
2020/8/27 23:00,-2.2825,0.4486
2020/8/27 23:01,-2.1725,0.4486
2020/8/27 23:02,-2.2275,0.4486
2020/8/27 23:03,-2.4475,0.4486
2020/8/27 23:04,-1.86,0.4486
2020/8/27 23:05,-1.7875,0.4486
2020/8/27 23:06,-1.76,0.4486
2020/8/27 23:07,-1.8975,0.4486
2020/8/27 23:08,-1.8975,0.4486
2020/8/27 23:09,-1.65,0.4486
2020/8/27 23:10,-1.8975,0.4486
2020/8/27 23:11,-1.65,0.4486
2020/8/27 23:12,-1.595,0.4486
2020/8/27 23:13,-1.32,0.4486
2020/8/27 23:14,-1.54,0.4486
2020/8/27 23:15,-0.99,0.4486
2020/8/27 23:16,-0.4675,0.4486
2020/8/27 23:17,-0.6325,0.4486
2020/8/27 23:18,-0.66,0.4486
2020/8/27 23:19,-0.63,0.4486
2020/8/27 23:20,-0.275,0.4486
2020/8/27 23:21,-0.495,0.61306875
2020/8/27 23:22,0.2475,0.61306875
2020/8/27 23:23,0.99,0.61306875
2020/8/27 23:24,0.4675,0.61306875
2020/8/27 23:25,0.385,0.61306875
2020/8/27 23:26,0.11,0.61306875
2020/8/27 23:27,0.5225,0.61306875
2020/8/27 23:28,-0.0825,0.61306875
2020/8/27 23:29,-9.25E-18,0.61306875
2020/8/27 23:30,0.1925,0.4486
2020/8/27 23:31,-0.0275,0.4486
2020/8/27 23:32,-0.1375,0.61306875
2020/8/27 23:33,-0.3025,0.4486
2020/8/27 23:34,0.1375,0.4486
2020/8/27 23:35,-0.4675,0.4486
2020/8/27 23:36,-0.33,0.4486
2020/8/27 23:37,-0.27,0.61306875
2020/8/27 23:38,-0.0825,0.61306875
2020/8/27 23:39,0.11,0.4486
2020/8/27 23:40,-0.3575,0.61306875
2020/8/27 23:41,-0.11,0.4486
2020/8/27 23:42,-0.0275,0.4486
2020/8/27 23:43,-0.33,0.4486
2020/8/27 23:44,-0.09,0.61306875
2020/8/27 23:45,-0.1375,0.61306875
2020/8/27 23:46,0.12,0.4486
2020/8/27 23:47,-0.0825,0.4486
2020/8/27 23:48,-0.6325,0.4486
2020/8/27 23:49,-0.66,0.4486
2020/8/27 23:50,-0.6325,0.4486
2020/8/27 23:51,-0.88,0.4486
2020/8/27 23:52,-0.63,0.4486
2020/8/27 23:53,-0.6875,0.4486
2020/8/27 23:54,-1.5125,0.61306875
2020/8/27 23:55,-0.3025,0.4486
2020/8/27 23:56,-0.9075,0.4486
2020/8/27 23:57,-1.6225,0.4486
2020/8/27 23:58,-0.88,0.4486
2020/8/27 23:59,-0.69,0.4486
